{"type": "FeatureCollection", "metadata": {"source": "CTA GTFS routes/shapes clipped to Chicago boundary", "generated_at": "2026-05-31T15:22:35.615133+00:00"}, "features": [{"type": "Feature", "properties": {"route_id": "Blue", "route_long_name": "Blue Line", "route_color": "#00A1DE", "route_text_color": "#FFFFFF", "shape_id": "309000128"}, "geometry": {"type": "LineString", "coordinates": [[-87.65946127, 41.87589349], [-87.6593502, 41.87588868], [-87.65898627, 41.8758907], [-87.6586389, 41.87590319], [-87.65821388, 41.87590433], [-87.65786863, 41.8759082], [-87.65739138, 41.87588398], [-87.65697897, 41.8758547], [-87.65681143, 41.8758428], [-87.6558483, 41.87578711], [-87.65376121, 41.87560661], [-87.65180096, 41.87547341], [-87.650404, 41.87548496], [-87.64964799, 41.87552406], [-87.64710613, 41.87552966], [-87.6419136, 41.87552047], [-87.64098997, 41.87554676], [-87.63730452, 41.87561182], [-87.63363132, 41.87557648], [-87.63172783, 41.87557548], [-87.62969603, 41.87561613], [-87.62955375, 41.87563649], [-87.6294264, 41.87567331], [-87.62929153, 41.87574849], [-87.62923243, 41.87586904], [-87.62922653, 41.87598473], [-87.62923961, 41.87631412], [-87.62924593, 41.87650614], [-87.6292573, 41.87685123], [-87.62925871, 41.87689399], [-87.62930141, 41.87819037], [-87.62930197, 41.87820741], [-87.62931946, 41.87873824], [-87.62932951, 41.87904338], [-87.62934445, 41.8795054], [-87.62938345, 41.88071131], [-87.62938523, 41.88076642], [-87.62940419, 41.88135272], [-87.62942548, 41.8820108], [-87.62942952, 41.88213577], [-87.62944581, 41.88317228], [-87.62947134, 41.88537697], [-87.62947315, 41.88547283], [-87.62947635, 41.88552295], [-87.62948375, 41.88557868], [-87.62953044, 41.88564091], [-87.62958916, 41.88568552], [-87.62966604, 41.88571567], [-87.62971012, 41.8857308], [-87.62975855, 41.8857411], [-87.62982204, 41.88574626], [-87.6299274, 41.88574601], [-87.6301197, 41.88574557], [-87.63020427, 41.88574537], [-87.63089177, 41.88574484], [-87.63204551, 41.88574451], [-87.63285147, 41.885738], [-87.63391893, 41.88573238], [-87.63606304, 41.88572392], [-87.63815614, 41.88571562], [-87.63944895, 41.88571048], [-87.63970349, 41.88573891], [-87.63985484, 41.88575842], [-87.63994335, 41.88579883], [-87.64001327, 41.88584718], [-87.64058084, 41.88626469], [-87.6408602, 41.88647019], [-87.64120035, 41.8867204], [-87.64196462, 41.88728245], [-87.64266072, 41.88779433], [-87.64335911, 41.88830934], [-87.64444954, 41.88910718], [-87.64506188, 41.88952613], [-87.64572158, 41.88997748], [-87.64678302, 41.89067476], [-87.64758407, 41.89119715], [-87.64859165, 41.89184904], [-87.64942871, 41.89237695], [-87.65044892, 41.89303195], [-87.65193481, 41.89398538], [-87.65285324, 41.89460354], [-87.65380607, 41.89520976], [-87.65485153, 41.89585809], [-87.65522004, 41.89608309], [-87.65580256, 41.89645185], [-87.65672279, 41.89706086], [-87.65782003, 41.89778171], [-87.65879139, 41.89840287], [-87.65987464, 41.89910479], [-87.66090721, 41.89975266], [-87.66162808, 41.90022812], [-87.6625927, 41.90083179], [-87.66358024, 41.90146997], [-87.66417589, 41.90185029], [-87.66524265, 41.90252851], [-87.66593216, 41.90297935], [-87.66650183, 41.90336294], [-87.6682817, 41.90441129], [-87.66900577, 41.90465936], [-87.67014862, 41.90514585], [-87.67064111, 41.90538471], [-87.67104148, 41.90561097], [-87.67363365, 41.90726644], [-87.67572618, 41.90860797], [-87.67744242, 41.90975165], [-87.6792833, 41.91092547], [-87.68099917, 41.91204449], [-87.68209795, 41.91274302], [-87.68382437, 41.91386992], [-87.68522658, 41.91477469], [-87.68737015, 41.91616529], [-87.68897334, 41.91715589], [-87.69113414, 41.91847383], [-87.69406784, 41.92024567], [-87.69689557, 41.92194703], [-87.69823619, 41.92278232], [-87.69994871, 41.9238291], [-87.70203337, 41.92506742], [-87.70395814, 41.92627489], [-87.70437746, 41.92658082], [-87.70471027, 41.92683903], [-87.7050031, 41.92710299], [-87.70530381, 41.92737891], [-87.70555702, 41.92761283], [-87.70594479, 41.92796675], [-87.70639627, 41.92833889], [-87.70692771, 41.92869955], [-87.70735561, 41.92900306], [-87.70854716, 41.9297359], [-87.71032622, 41.93083804], [-87.7116042, 41.9316018], [-87.71180201, 41.93174539], [-87.71192991, 41.93182846], [-87.71206667, 41.9319459], [-87.71214807, 41.93208364], [-87.71217412, 41.93224167], [-87.71220335, 41.93242946], [-87.71225253, 41.93458297], [-87.71231403, 41.93677317], [-87.71236513, 41.93813953], [-87.71240011, 41.9392724], [-87.71242318, 41.94014945], [-87.7124853, 41.94046613], [-87.71258118, 41.94066132], [-87.71279055, 41.94091796], [-87.71300062, 41.94110161], [-87.7132923, 41.94127352], [-87.71361668, 41.94143345], [-87.71394131, 41.94156904], [-87.714284, 41.9417377], [-87.71452879, 41.94186183], [-87.71473604, 41.94196367], [-87.71503361, 41.9421399], [-87.71529965, 41.94231265], [-87.71562869, 41.94256188], [-87.71594, 41.9427947], [-87.71617408, 41.94300559], [-87.71636657, 41.94322816], [-87.71652759, 41.9434053], [-87.71665351, 41.94358226], [-87.71680774, 41.94380224], [-87.7170371, 41.94417271], [-87.71727256, 41.94457179], [-87.71750144, 41.94499227], [-87.71771162, 41.94536739], [-87.71789992, 41.94569475], [-87.71814167, 41.94610578], [-87.71831418, 41.94641638], [-87.71850639, 41.94666991], [-87.71868241, 41.94694718], [-87.71879609, 41.94707166], [-87.71891603, 41.94720809], [-87.71910509, 41.94736796], [-87.71928401, 41.94751977], [-87.71950221, 41.94768724], [-87.71972442, 41.94784737], [-87.71992539, 41.94796368], [-87.72012538, 41.94806303], [-87.72043238, 41.94821138], [-87.72073945, 41.94833528], [-87.72098843, 41.94845265], [-87.72122232, 41.94854922], [-87.72155312, 41.94869558], [-87.72181384, 41.94881652], [-87.72240886, 41.94910972], [-87.72302235, 41.94944403], [-87.72357369, 41.94975732], [-87.72548138, 41.95085631], [-87.72632702, 41.95132785], [-87.72798429, 41.95227581], [-87.72918305, 41.95294812], [-87.73043696, 41.9536503], [-87.73273515, 41.95495822], [-87.73447143, 41.95595826], [-87.73594838, 41.95671156], [-87.73725054, 41.95743461], [-87.74074613, 41.95941467], [-87.74122008, 41.95970865], [-87.74169852, 41.96000609], [-87.74215129, 41.96029066], [-87.74251578, 41.96056648], [-87.74275012, 41.9607654], [-87.74300663, 41.96098349], [-87.74326992, 41.96118285], [-87.74343499, 41.9613382], [-87.74362277, 41.9614945], [-87.74388899, 41.96169834], [-87.74410135, 41.96185904], [-87.74433603, 41.96202222], [-87.74456448, 41.96216871], [-87.74477391, 41.9623008], [-87.74502798, 41.96243788], [-87.74526097, 41.96256863], [-87.74546951, 41.96266883], [-87.74577478, 41.96279188], [-87.74611831, 41.96291989], [-87.74656069, 41.96305793], [-87.74699363, 41.96318163], [-87.7475952, 41.96336336], [-87.74802788, 41.96351564], [-87.74837791, 41.96363177], [-87.74870252, 41.96373585], [-87.74892191, 41.96382749], [-87.74925262, 41.96396257], [-87.74951643, 41.96408302], [-87.74975795, 41.96419859], [-87.75000251, 41.96433085], [-87.75086409, 41.9647841], [-87.7516368, 41.96537299], [-87.75218884, 41.96574025], [-87.75262036, 41.96602352], [-87.75332818, 41.96646065], [-87.75396959, 41.96683073], [-87.75466822, 41.96722731], [-87.7553129, 41.96759026], [-87.75586869, 41.96790035], [-87.75640593, 41.96820321], [-87.75738914, 41.9687709], [-87.75857435, 41.96944563], [-87.75918722, 41.96980125], [-87.75970411, 41.97008417], [-87.76013208, 41.97031374], [-87.76057796, 41.97050486], [-87.76089808, 41.970642]]}}, {"type": "Feature", "properties": {"route_id": "Blue", "route_long_name": "Blue Line", "route_color": "#00A1DE", "route_text_color": "#FFFFFF", "shape_id": "309000084"}, "geometry": {"type": "LineString", "coordinates": [[-87.64964799, 41.87552406], [-87.64710613, 41.87552966], [-87.6419136, 41.87552047], [-87.64098997, 41.87554676], [-87.63730452, 41.87561182], [-87.63363132, 41.87557648], [-87.63172783, 41.87557548], [-87.62969603, 41.87561613], [-87.62955375, 41.87563649], [-87.6294264, 41.87567331], [-87.62929153, 41.87574849], [-87.62923243, 41.87586904], [-87.62922653, 41.87598473], [-87.62923961, 41.87631412], [-87.62924593, 41.87650614], [-87.6292573, 41.87685123], [-87.62925871, 41.87689399], [-87.62930141, 41.87819037], [-87.62930197, 41.87820741], [-87.62931946, 41.87873824], [-87.62932951, 41.87904338], [-87.62934445, 41.8795054], [-87.62938345, 41.88071131], [-87.62938523, 41.88076642], [-87.62940419, 41.88135272], [-87.62942548, 41.8820108], [-87.62942952, 41.88213577], [-87.62944581, 41.88317228], [-87.62947134, 41.88537697], [-87.62947315, 41.88547283], [-87.62947635, 41.88552295], [-87.62948375, 41.88557868], [-87.62953044, 41.88564091], [-87.62958916, 41.88568552], [-87.62966604, 41.88571567], [-87.62971012, 41.8857308], [-87.62975855, 41.8857411], [-87.62982204, 41.88574626], [-87.6299274, 41.88574601], [-87.6301197, 41.88574557], [-87.63020427, 41.88574537], [-87.63089177, 41.88574484], [-87.63204551, 41.88574451], [-87.63285147, 41.885738], [-87.63391893, 41.88573238], [-87.63606304, 41.88572392], [-87.63815614, 41.88571562], [-87.63944895, 41.88571048], [-87.63970349, 41.88573891], [-87.63985484, 41.88575842], [-87.63994335, 41.88579883], [-87.64001327, 41.88584718], [-87.64058084, 41.88626469], [-87.6408602, 41.88647019], [-87.64120035, 41.8867204], [-87.64196462, 41.88728245], [-87.64266072, 41.88779433], [-87.64335911, 41.88830934], [-87.64444954, 41.88910718], [-87.64506188, 41.88952613], [-87.64572158, 41.88997748], [-87.64678302, 41.89067476], [-87.64758407, 41.89119715], [-87.64859165, 41.89184904], [-87.64942871, 41.89237695], [-87.65044892, 41.89303195], [-87.65193481, 41.89398538], [-87.65285324, 41.89460354], [-87.65380607, 41.89520976], [-87.65485153, 41.89585809], [-87.65522004, 41.89608309], [-87.65580256, 41.89645185], [-87.65672279, 41.89706086], [-87.65782003, 41.89778171], [-87.65879139, 41.89840287], [-87.65987464, 41.89910479], [-87.66090721, 41.89975266], [-87.66162808, 41.90022812], [-87.6625927, 41.90083179], [-87.66358024, 41.90146997], [-87.66417589, 41.90185029], [-87.66524265, 41.90252851], [-87.66593216, 41.90297935], [-87.66650183, 41.90336294], [-87.6682817, 41.90441129], [-87.66900577, 41.90465936], [-87.67014862, 41.90514585], [-87.67064111, 41.90538471], [-87.67104148, 41.90561097], [-87.67363365, 41.90726644], [-87.67572618, 41.90860797], [-87.67744242, 41.90975165], [-87.6792833, 41.91092547], [-87.68099917, 41.91204449], [-87.68209795, 41.91274302], [-87.68382437, 41.91386992], [-87.68522658, 41.91477469], [-87.68737015, 41.91616529], [-87.68897334, 41.91715589], [-87.69113414, 41.91847383], [-87.69406784, 41.92024567], [-87.69689557, 41.92194703], [-87.69823619, 41.92278232], [-87.69994871, 41.9238291], [-87.70203337, 41.92506742], [-87.70395814, 41.92627489], [-87.70437746, 41.92658082], [-87.70471027, 41.92683903], [-87.7050031, 41.92710299], [-87.70530381, 41.92737891], [-87.70555702, 41.92761283], [-87.70594479, 41.92796675], [-87.70639627, 41.92833889], [-87.70692771, 41.92869955], [-87.70735561, 41.92900306], [-87.70854716, 41.9297359], [-87.71032622, 41.93083804], [-87.7116042, 41.9316018], [-87.71180201, 41.93174539], [-87.71192991, 41.93182846], [-87.71206667, 41.9319459], [-87.71214807, 41.93208364], [-87.71217412, 41.93224167], [-87.71220335, 41.93242946], [-87.71225253, 41.93458297], [-87.71231403, 41.93677317], [-87.71236513, 41.93813953], [-87.71240011, 41.9392724], [-87.71242318, 41.94014945], [-87.7124853, 41.94046613], [-87.71258118, 41.94066132], [-87.71279055, 41.94091796], [-87.71300062, 41.94110161], [-87.7132923, 41.94127352], [-87.71361668, 41.94143345], [-87.71394131, 41.94156904], [-87.714284, 41.9417377], [-87.71452879, 41.94186183], [-87.71473604, 41.94196367], [-87.71503361, 41.9421399], [-87.71529965, 41.94231265], [-87.71562869, 41.94256188], [-87.71594, 41.9427947], [-87.71617408, 41.94300559], [-87.71636657, 41.94322816], [-87.71652759, 41.9434053], [-87.71665351, 41.94358226], [-87.71680774, 41.94380224], [-87.7170371, 41.94417271], [-87.71727256, 41.94457179], [-87.71750144, 41.94499227], [-87.71771162, 41.94536739], [-87.71789992, 41.94569475], [-87.71814167, 41.94610578], [-87.71831418, 41.94641638], [-87.71850639, 41.94666991], [-87.71868241, 41.94694718], [-87.71879609, 41.94707166], [-87.71891603, 41.94720809], [-87.71910509, 41.94736796], [-87.71928401, 41.94751977], [-87.71950221, 41.94768724], [-87.71972442, 41.94784737], [-87.71992539, 41.94796368], [-87.72012538, 41.94806303], [-87.72043238, 41.94821138], [-87.72073945, 41.94833528], [-87.72098843, 41.94845265], [-87.72122232, 41.94854922], [-87.72155312, 41.94869558], [-87.72181384, 41.94881652], [-87.72240886, 41.94910972], [-87.72302235, 41.94944403], [-87.72357369, 41.94975732], [-87.72548138, 41.95085631], [-87.72632702, 41.95132785], [-87.72798429, 41.95227581], [-87.72918305, 41.95294812], [-87.73043696, 41.9536503], [-87.73273515, 41.95495822], [-87.73447143, 41.95595826], [-87.73594838, 41.95671156], [-87.73725054, 41.95743461], [-87.74074613, 41.95941467], [-87.74122008, 41.95970865], [-87.74169852, 41.96000609], [-87.74215129, 41.96029066], [-87.74251578, 41.96056648], [-87.74275012, 41.9607654], [-87.74300663, 41.96098349], [-87.74326992, 41.96118285], [-87.74343499, 41.9613382], [-87.74362277, 41.9614945], [-87.74388899, 41.96169834], [-87.74410135, 41.96185904], [-87.74433603, 41.96202222], [-87.74456448, 41.96216871], [-87.74477391, 41.9623008], [-87.74502798, 41.96243788], [-87.74526097, 41.96256863], [-87.74546951, 41.96266883], [-87.74577478, 41.96279188], [-87.74611831, 41.96291989], [-87.74656069, 41.96305793], [-87.74699363, 41.96318163], [-87.7475952, 41.96336336], [-87.74802788, 41.96351564], [-87.74837791, 41.96363177], [-87.74870252, 41.96373585], [-87.74892191, 41.96382749], [-87.74925262, 41.96396257], [-87.74951643, 41.96408302], [-87.74975795, 41.96419859], [-87.75000251, 41.96433085], [-87.75086409, 41.9647841], [-87.7516368, 41.96537299], [-87.75218884, 41.96574025], [-87.75262036, 41.96602352], [-87.75332818, 41.96646065], [-87.75396959, 41.96683073], [-87.75466822, 41.96722731], [-87.7553129, 41.96759026], [-87.75586869, 41.96790035], [-87.75640593, 41.96820321], [-87.75738914, 41.9687709], [-87.75857435, 41.96944563], [-87.75918722, 41.96980125], [-87.75970411, 41.97008417], [-87.76013208, 41.97031374], [-87.76057796, 41.97050486], [-87.76089808, 41.970642]]}}, {"type": "Feature", "properties": {"route_id": "Blue", "route_long_name": "Blue Line", "route_color": "#00A1DE", "route_text_color": "#FFFFFF", "shape_id": "309000074"}, "geometry": {"type": "LineString", "coordinates": [[-87.90422891, 41.97767312], [-87.90234234, 41.97944264], [-87.90195672, 41.97980876], [-87.9017089, 41.98003246], [-87.90148844, 41.98025626], [-87.9012957, 41.9804291], [-87.90097848, 41.98079548], [-87.90057847, 41.98126365], [-87.89994645, 41.98163904], [-87.89916521, 41.98181988], [-87.89842627, 41.98181708], [-87.89778347, 41.98176359], [-87.89713871, 41.98174609], [-87.89658984, 41.98168175], [-87.89627925, 41.9815941], [-87.89601852, 41.98147528], [-87.89576815, 41.98132633], [-87.89562924, 41.98119501], [-87.89562529, 41.98119128], [-87.89383222, 41.97965497], [-87.89279619, 41.9787141], [-87.89170936, 41.97779437], [-87.89148723, 41.97763374], [-87.89124216, 41.97749682], [-87.89095606, 41.97736313], [-87.89066071, 41.97724981], [-87.89031507, 41.97716349], [-87.88993743, 41.97709064], [-87.88960061, 41.97704515], [-87.88927363, 41.97704048], [-87.88902632, 41.97703953], [-87.88901295, 41.97703947], [-87.88875317, 41.97705207], [-87.88840658, 41.97710172], [-87.88805525, 41.97717854], [-87.88772283, 41.97728532], [-87.88747802, 41.97737546], [-87.88726091, 41.977474], [-87.88551367, 41.97823734], [-87.8787499, 41.98098619], [-87.87874421, 41.98098848], [-87.87579479710561, 41.98220508235751]]}}, {"type": "Feature", "properties": {"route_id": "Blue", "route_long_name": "Blue Line", "route_color": "#00A1DE", "route_text_color": "#FFFFFF", "shape_id": "309000074"}, "geometry": {"type": "LineString", "coordinates": [[-87.85637406111661, 41.98364246033319], [-87.85360215, 41.98375356], [-87.85238744, 41.98377973], [-87.85067317, 41.98379619], [-87.84814909, 41.98388912], [-87.84568178, 41.98398383], [-87.84477951, 41.98398586], [-87.84339708, 41.98403855], [-87.84186275, 41.9841023], [-87.84022411, 41.98419713], [-87.83803181, 41.98430192], [-87.83679209, 41.98434797], [-87.83561815, 41.98440317], [-87.83422429, 41.98447495], [-87.83276117, 41.98454439], [-87.83116435, 41.98458106], [-87.82959728, 41.98455582], [-87.82834441, 41.98451356], [-87.82685006, 41.98444265], [-87.82528222, 41.98432086], [-87.82405485, 41.98417069], [-87.82300897, 41.98404429], [-87.82179544, 41.98389645], [-87.82075892, 41.98375629], [-87.81949481, 41.98358293], [-87.81861285, 41.9834495], [-87.81773353, 41.98326748], [-87.81685439, 41.98306426], [-87.81594602, 41.98284104], [-87.81528545, 41.98266576], [-87.8147045, 41.98254368], [-87.81420943, 41.98246334], [-87.81355755, 41.98235701], [-87.81304061, 41.98231561], [-87.81248659, 41.98229012], [-87.81112869, 41.98229774], [-87.80984916, 41.98232178], [-87.80890075, 41.98233123], [-87.80719031, 41.98234783], [-87.80606324, 41.98235457], [-87.80307155, 41.98237175], [-87.80107277, 41.98239109], [-87.79876754, 41.9824042], [-87.79403888, 41.98243925], [-87.79065758, 41.98246858], [-87.78792888, 41.98248542], [-87.78713064, 41.98249354], [-87.78651195, 41.98250548], [-87.78598513, 41.98250893], [-87.78554631, 41.98248897], [-87.78516747, 41.98245441], [-87.78469317, 41.98238365], [-87.7842072, 41.98227711], [-87.78364978, 41.98212556], [-87.78307306, 41.98189948], [-87.78252849, 41.98164674], [-87.78175811, 41.98120235], [-87.7808327, 41.98068872], [-87.77983599, 41.98011519], [-87.77838758, 41.9792874], [-87.77702067, 41.97853273], [-87.77524266, 41.97751931], [-87.77368889, 41.97664076], [-87.77193537, 41.97563973], [-87.76944578, 41.97421948], [-87.76797347, 41.97339345], [-87.7672289, 41.9729928], [-87.76624462, 41.97244208], [-87.76572334, 41.97217278], [-87.76535068, 41.97201587], [-87.7651354, 41.97192176], [-87.76472054, 41.97176254], [-87.76430296, 41.97162234], [-87.76371541, 41.97146315], [-87.76320782, 41.9713532], [-87.76268951, 41.97122731], [-87.76210065, 41.97108171], [-87.76149561, 41.97088641], [-87.76089808, 41.970642], [-87.76057796, 41.97050486], [-87.76013208, 41.97031374], [-87.75970411, 41.97008417], [-87.75918722, 41.96980125], [-87.75857435, 41.96944563], [-87.75738914, 41.9687709], [-87.75640593, 41.96820321], [-87.75586869, 41.96790035], [-87.7553129, 41.96759026], [-87.75466822, 41.96722731], [-87.75396959, 41.96683073], [-87.75332818, 41.96646065], [-87.75262036, 41.96602352], [-87.75218884, 41.96574025], [-87.7516368, 41.96537299], [-87.75086409, 41.9647841], [-87.75000251, 41.96433085], [-87.74975795, 41.96419859], [-87.74951643, 41.96408302], [-87.74925262, 41.96396257], [-87.74892191, 41.96382749], [-87.74870252, 41.96373585], [-87.74837791, 41.96363177], [-87.74802788, 41.96351564], [-87.7475952, 41.96336336], [-87.74699363, 41.96318163], [-87.74656069, 41.96305793], [-87.74611831, 41.96291989], [-87.74577478, 41.96279188], [-87.74546951, 41.96266883], [-87.74526097, 41.96256863], [-87.74502798, 41.96243788], [-87.74477391, 41.9623008], [-87.74456448, 41.96216871], [-87.74433603, 41.96202222], [-87.74410135, 41.96185904], [-87.74388899, 41.96169834], [-87.74362277, 41.9614945], [-87.74343499, 41.9613382], [-87.74326992, 41.96118285], [-87.74300663, 41.96098349], [-87.74275012, 41.9607654], [-87.74251578, 41.96056648], [-87.74215129, 41.96029066], [-87.74169852, 41.96000609], [-87.74122008, 41.95970865], [-87.74074613, 41.95941467], [-87.73725054, 41.95743461], [-87.73594838, 41.95671156], [-87.73447143, 41.95595826], [-87.73273515, 41.95495822], [-87.73043696, 41.9536503], [-87.72918305, 41.95294812], [-87.72798429, 41.95227581], [-87.72632702, 41.95132785], [-87.72548138, 41.95085631], [-87.72357369, 41.94975732], [-87.72302235, 41.94944403], [-87.72240886, 41.94910972], [-87.72181384, 41.94881652], [-87.72155312, 41.94869558], [-87.72122232, 41.94854922], [-87.72098843, 41.94845265], [-87.72073945, 41.94833528], [-87.72043238, 41.94821138], [-87.72012538, 41.94806303], [-87.71992539, 41.94796368], [-87.71972442, 41.94784737], [-87.71950221, 41.94768724], [-87.71928401, 41.94751977], [-87.71910509, 41.94736796], [-87.71891603, 41.94720809], [-87.71879609, 41.94707166], [-87.71868241, 41.94694718], [-87.71850639, 41.94666991], [-87.71831418, 41.94641638], [-87.71814167, 41.94610578], [-87.71789992, 41.94569475], [-87.71771162, 41.94536739], [-87.71750144, 41.94499227], [-87.71727256, 41.94457179], [-87.7170371, 41.94417271], [-87.71680774, 41.94380224], [-87.71665351, 41.94358226], [-87.71652759, 41.9434053], [-87.71636657, 41.94322816], [-87.71617408, 41.94300559], [-87.71594, 41.9427947], [-87.71562869, 41.94256188], [-87.71529965, 41.94231265], [-87.71503361, 41.9421399], [-87.71473604, 41.94196367], [-87.71452879, 41.94186183], [-87.714284, 41.9417377], [-87.71394131, 41.94156904], [-87.71361668, 41.94143345], [-87.7132923, 41.94127352], [-87.71300062, 41.94110161], [-87.71279055, 41.94091796], [-87.71258118, 41.94066132], [-87.7124853, 41.94046613], [-87.71242318, 41.94014945], [-87.71240011, 41.9392724], [-87.71236513, 41.93813953], [-87.71231403, 41.93677317], [-87.71225253, 41.93458297], [-87.71220335, 41.93242946], [-87.71217412, 41.93224167], [-87.71214807, 41.93208364], [-87.71206667, 41.9319459], [-87.71192991, 41.93182846], [-87.71180201, 41.93174539], [-87.7116042, 41.9316018], [-87.71032622, 41.93083804], [-87.70854716, 41.9297359], [-87.70735561, 41.92900306], [-87.70692771, 41.92869955], [-87.70639627, 41.92833889], [-87.70594479, 41.92796675], [-87.70555702, 41.92761283], [-87.70530381, 41.92737891], [-87.7050031, 41.92710299], [-87.70471027, 41.92683903], [-87.70437746, 41.92658082], [-87.70395814, 41.92627489], [-87.70203337, 41.92506742], [-87.69994871, 41.9238291], [-87.69823619, 41.92278232], [-87.69689557, 41.92194703], [-87.69406784, 41.92024567], [-87.69113414, 41.91847383], [-87.68897334, 41.91715589], [-87.68737015, 41.91616529], [-87.68522658, 41.91477469], [-87.68382437, 41.91386992], [-87.68209795, 41.91274302], [-87.68099917, 41.91204449], [-87.6792833, 41.91092547], [-87.67744242, 41.90975165], [-87.67572618, 41.90860797], [-87.67363365, 41.90726644], [-87.67104148, 41.90561097], [-87.67064111, 41.90538471], [-87.67014862, 41.90514585], [-87.66900577, 41.90465936], [-87.6682817, 41.90441129], [-87.66650183, 41.90336294], [-87.66593216, 41.90297935], [-87.66524265, 41.90252851], [-87.66417589, 41.90185029], [-87.66358024, 41.90146997], [-87.6625927, 41.90083179], [-87.66162808, 41.90022812], [-87.66090721, 41.89975266], [-87.65987464, 41.89910479], [-87.65879139, 41.89840287], [-87.65782003, 41.89778171], [-87.65672279, 41.89706086], [-87.65580256, 41.89645185], [-87.65522004, 41.89608309], [-87.65485153, 41.89585809], [-87.65380607, 41.89520976], [-87.65285324, 41.89460354], [-87.65193481, 41.89398538], [-87.65044892, 41.89303195], [-87.64942871, 41.89237695], [-87.64859165, 41.89184904], [-87.64758407, 41.89119715], [-87.64678302, 41.89067476], [-87.64572158, 41.88997748], [-87.64506188, 41.88952613], [-87.64444954, 41.88910718], [-87.64335911, 41.88830934], [-87.64266072, 41.88779433], [-87.64196462, 41.88728245], [-87.64120035, 41.8867204], [-87.6408602, 41.88647019], [-87.64058084, 41.88626469], [-87.64001327, 41.88584718], [-87.63994335, 41.88579883], [-87.63985484, 41.88575842], [-87.63970349, 41.88573891], [-87.63944895, 41.88571048], [-87.63815614, 41.88571562], [-87.63606304, 41.88572392], [-87.63391893, 41.88573238], [-87.63285147, 41.885738], [-87.63204551, 41.88574451], [-87.63089177, 41.88574484], [-87.63020427, 41.88574537], [-87.6301197, 41.88574557], [-87.6299274, 41.88574601], [-87.62982204, 41.88574626], [-87.62975855, 41.8857411], [-87.62971012, 41.8857308], [-87.62966604, 41.88571567], [-87.62958916, 41.88568552], [-87.62953044, 41.88564091], [-87.62948375, 41.88557868], [-87.62947635, 41.88552295], [-87.62947315, 41.88547283], [-87.62947134, 41.88537697], [-87.62944581, 41.88317228], [-87.62942952, 41.88213577], [-87.62942548, 41.8820108], [-87.62940419, 41.88135272], [-87.62938523, 41.88076642], [-87.62938345, 41.88071131], [-87.62934445, 41.8795054], [-87.62932951, 41.87904338], [-87.62931946, 41.87873824], [-87.62930197, 41.87820741], [-87.62930141, 41.87819037], [-87.62925871, 41.87689399], [-87.6292573, 41.87685123], [-87.62924593, 41.87650614], [-87.62923961, 41.87631412], [-87.62922653, 41.87598473], [-87.62923243, 41.87586904], [-87.62929153, 41.87574849], [-87.6294264, 41.87567331], [-87.62955375, 41.87563649], [-87.62969603, 41.87561613], [-87.63172783, 41.87557548], [-87.63363132, 41.87557648], [-87.63730452, 41.87561182], [-87.64098997, 41.87554676], [-87.6419136, 41.87552047], [-87.64710613, 41.87552966], [-87.64964799, 41.87552406]]}}, {"type": "Feature", "properties": {"route_id": "Blue", "route_long_name": "Blue Line", "route_color": "#00A1DE", "route_text_color": "#FFFFFF", "shape_id": "309000040"}, "geometry": {"type": "LineString", "coordinates": [[-87.76089808, 41.970642], [-87.76057796, 41.97050486], [-87.76013208, 41.97031374], [-87.75970411, 41.97008417], [-87.75918722, 41.96980125], [-87.75857435, 41.96944563], [-87.75738914, 41.9687709], [-87.75640593, 41.96820321], [-87.75586869, 41.96790035], [-87.7553129, 41.96759026], [-87.75466822, 41.96722731], [-87.75396959, 41.96683073], [-87.75332818, 41.96646065], [-87.75262036, 41.96602352], [-87.75218884, 41.96574025], [-87.7516368, 41.96537299], [-87.75086409, 41.9647841], [-87.75000251, 41.96433085], [-87.74975795, 41.96419859], [-87.74951643, 41.96408302], [-87.74925262, 41.96396257], [-87.74892191, 41.96382749], [-87.74870252, 41.96373585], [-87.74837791, 41.96363177], [-87.74802788, 41.96351564], [-87.7475952, 41.96336336], [-87.74699363, 41.96318163], [-87.74656069, 41.96305793], [-87.74611831, 41.96291989], [-87.74577478, 41.96279188], [-87.74546951, 41.96266883], [-87.74526097, 41.96256863], [-87.74502798, 41.96243788], [-87.74477391, 41.9623008], [-87.74456448, 41.96216871], [-87.74433603, 41.96202222], [-87.74410135, 41.96185904], [-87.74388899, 41.96169834], [-87.74362277, 41.9614945], [-87.74343499, 41.9613382], [-87.74326992, 41.96118285], [-87.74300663, 41.96098349], [-87.74275012, 41.9607654], [-87.74251578, 41.96056648], [-87.74215129, 41.96029066], [-87.74169852, 41.96000609], [-87.74122008, 41.95970865], [-87.74074613, 41.95941467], [-87.73725054, 41.95743461], [-87.73594838, 41.95671156], [-87.73447143, 41.95595826], [-87.73273515, 41.95495822], [-87.73043696, 41.9536503], [-87.72918305, 41.95294812], [-87.72798429, 41.95227581], [-87.72632702, 41.95132785], [-87.72548138, 41.95085631], [-87.72357369, 41.94975732], [-87.72302235, 41.94944403], [-87.72240886, 41.94910972], [-87.72181384, 41.94881652], [-87.72155312, 41.94869558], [-87.72122232, 41.94854922], [-87.72098843, 41.94845265], [-87.72073945, 41.94833528], [-87.72043238, 41.94821138], [-87.72012538, 41.94806303], [-87.71992539, 41.94796368], [-87.71972442, 41.94784737], [-87.71950221, 41.94768724], [-87.71928401, 41.94751977], [-87.71910509, 41.94736796], [-87.71891603, 41.94720809], [-87.71879609, 41.94707166], [-87.71868241, 41.94694718], [-87.71850639, 41.94666991], [-87.71831418, 41.94641638], [-87.71814167, 41.94610578], [-87.71789992, 41.94569475], [-87.71771162, 41.94536739], [-87.71750144, 41.94499227], [-87.71727256, 41.94457179], [-87.7170371, 41.94417271], [-87.71680774, 41.94380224], [-87.71665351, 41.94358226], [-87.71652759, 41.9434053], [-87.71636657, 41.94322816], [-87.71617408, 41.94300559], [-87.71594, 41.9427947], [-87.71562869, 41.94256188], [-87.71529965, 41.94231265], [-87.71503361, 41.9421399], [-87.71473604, 41.94196367], [-87.71452879, 41.94186183], [-87.714284, 41.9417377], [-87.71394131, 41.94156904], [-87.71361668, 41.94143345], [-87.7132923, 41.94127352], [-87.71300062, 41.94110161], [-87.71279055, 41.94091796], [-87.71258118, 41.94066132], [-87.7124853, 41.94046613], [-87.71242318, 41.94014945], [-87.71240011, 41.9392724], [-87.71236513, 41.93813953], [-87.71231403, 41.93677317], [-87.71225253, 41.93458297], [-87.71220335, 41.93242946], [-87.71217412, 41.93224167], [-87.71214807, 41.93208364], [-87.71206667, 41.9319459], [-87.71192991, 41.93182846], [-87.71180201, 41.93174539], [-87.7116042, 41.9316018], [-87.71032622, 41.93083804], [-87.70854716, 41.9297359], [-87.70735561, 41.92900306], [-87.70692771, 41.92869955], [-87.70639627, 41.92833889], [-87.70594479, 41.92796675], [-87.70555702, 41.92761283], [-87.70530381, 41.92737891], [-87.7050031, 41.92710299], [-87.70471027, 41.92683903], [-87.70437746, 41.92658082], [-87.70395814, 41.92627489], [-87.70203337, 41.92506742], [-87.69994871, 41.9238291], [-87.69823619, 41.92278232], [-87.69689557, 41.92194703], [-87.69406784, 41.92024567], [-87.69113414, 41.91847383], [-87.68897334, 41.91715589], [-87.68737015, 41.91616529], [-87.68522658, 41.91477469], [-87.68382437, 41.91386992], [-87.68209795, 41.91274302], [-87.68099917, 41.91204449], [-87.6792833, 41.91092547], [-87.67744242, 41.90975165], [-87.67572618, 41.90860797], [-87.67363365, 41.90726644], [-87.67104148, 41.90561097], [-87.67064111, 41.90538471], [-87.67014862, 41.90514585], [-87.66900577, 41.90465936], [-87.6682817, 41.90441129], [-87.66650183, 41.90336294], [-87.66593216, 41.90297935], [-87.66524265, 41.90252851], [-87.66417589, 41.90185029], [-87.66358024, 41.90146997], [-87.6625927, 41.90083179], [-87.66162808, 41.90022812], [-87.66090721, 41.89975266], [-87.65987464, 41.89910479], [-87.65879139, 41.89840287], [-87.65782003, 41.89778171], [-87.65672279, 41.89706086], [-87.65580256, 41.89645185], [-87.65522004, 41.89608309], [-87.65485153, 41.89585809], [-87.65380607, 41.89520976], [-87.65285324, 41.89460354], [-87.65193481, 41.89398538], [-87.65044892, 41.89303195], [-87.64942871, 41.89237695], [-87.64859165, 41.89184904], [-87.64758407, 41.89119715], [-87.64678302, 41.89067476], [-87.64572158, 41.88997748], [-87.64506188, 41.88952613], [-87.64444954, 41.88910718], [-87.64335911, 41.88830934], [-87.64266072, 41.88779433], [-87.64196462, 41.88728245], [-87.64120035, 41.8867204], [-87.6408602, 41.88647019], [-87.64058084, 41.88626469], [-87.64001327, 41.88584718], [-87.63994335, 41.88579883], [-87.63985484, 41.88575842], [-87.63970349, 41.88573891], [-87.63944895, 41.88571048], [-87.63815614, 41.88571562], [-87.63606304, 41.88572392], [-87.63391893, 41.88573238], [-87.63285147, 41.885738], [-87.63204551, 41.88574451], [-87.63089177, 41.88574484], [-87.63020427, 41.88574537], [-87.6301197, 41.88574557], [-87.6299274, 41.88574601], [-87.62982204, 41.88574626], [-87.62975855, 41.8857411], [-87.62971012, 41.8857308], [-87.62966604, 41.88571567], [-87.62958916, 41.88568552], [-87.62953044, 41.88564091], [-87.62948375, 41.88557868], [-87.62947635, 41.88552295], [-87.62947315, 41.88547283], [-87.62947134, 41.88537697], [-87.62944581, 41.88317228], [-87.62942952, 41.88213577], [-87.62942548, 41.8820108], [-87.62940419, 41.88135272], [-87.62938523, 41.88076642], [-87.62938345, 41.88071131], [-87.62934445, 41.8795054], [-87.62932951, 41.87904338], [-87.62931946, 41.87873824], [-87.62930197, 41.87820741], [-87.62930141, 41.87819037], [-87.62925871, 41.87689399], [-87.6292573, 41.87685123], [-87.62924593, 41.87650614], [-87.62923961, 41.87631412], [-87.62922653, 41.87598473], [-87.62923243, 41.87586904], [-87.62929153, 41.87574849], [-87.6294264, 41.87567331], [-87.62955375, 41.87563649], [-87.62969603, 41.87561613], [-87.63172783, 41.87557548], [-87.63363132, 41.87557648], [-87.63730452, 41.87561182], [-87.64098997, 41.87554676], [-87.6419136, 41.87552047], [-87.64710613, 41.87552966], [-87.64964799, 41.87552406], [-87.650404, 41.87548496], [-87.65180096, 41.87547341], [-87.65376121, 41.87560661], [-87.6558483, 41.87578711], [-87.65681143, 41.8758428], [-87.65697897, 41.8758547], [-87.65739138, 41.87588398], [-87.65786863, 41.8759082], [-87.65821388, 41.87590433], [-87.6586389, 41.87590319], [-87.65898627, 41.8758907], [-87.6593502, 41.87588868], [-87.65946127, 41.87589349], [-87.66018924, 41.87587907], [-87.664996, 41.87581805], [-87.66658707, 41.87577994], [-87.66753683, 41.87576968], [-87.66887019, 41.87574243], [-87.67275937, 41.87566263], [-87.67336501, 41.87565897], [-87.67395164, 41.87564328], [-87.67645717, 41.87561714], [-87.68027372, 41.87558864], [-87.68613464, 41.87555298], [-87.68703354, 41.87554613], [-87.68844028, 41.87553742], [-87.69104051, 41.87549953], [-87.69148324, 41.87547949], [-87.69233522, 41.8754777], [-87.6960229, 41.87541701], [-87.69673547, 41.87540365], [-87.69778588, 41.87540604], [-87.69831197, 41.87538751], [-87.69878393, 41.87536391], [-87.69916986, 41.87533746], [-87.69961005, 41.87530416], [-87.70000879, 41.87527062], [-87.70043956, 41.87522297], [-87.70081923, 41.87518457], [-87.70147354, 41.87509288], [-87.70394585, 41.87473181], [-87.70598407, 41.87443336], [-87.70619632, 41.87440398], [-87.70676551, 41.8743207], [-87.70719804, 41.87426179], [-87.70752639, 41.87421645], [-87.70786094, 41.87418292], [-87.70826178, 41.87414033], [-87.70945396, 41.8741044], [-87.71076276, 41.87407262], [-87.71252843, 41.87407157], [-87.71422183, 41.87404537], [-87.71562195, 41.87402463], [-87.71970237, 41.87397581], [-87.72422422, 41.87392447], [-87.72514826, 41.87390109], [-87.72563071, 41.87389657], [-87.72707174, 41.87388298], [-87.73026929, 41.87383619], [-87.73268466, 41.87381586], [-87.73318946, 41.87378079], [-87.73375456, 41.87370362], [-87.73421888, 41.87361414], [-87.73470567, 41.87348236], [-87.73504394, 41.87338515], [-87.73584143, 41.87306881], [-87.73624048, 41.87287765], [-87.73711476, 41.87243916], [-87.7374565, 41.87230662], [-87.73787728, 41.87215091], [-87.73817123, 41.87207231], [-87.7385189, 41.87197985], [-87.73880326, 41.87191534], [-87.73941287, 41.87179596], [-87.73976645, 41.87174594], [-87.74018611, 41.87171041], [-87.74066552, 41.87169167], [-87.74146335, 41.87167458], [-87.74381254, 41.87164189], [-87.74485956, 41.87161191], [-87.74517796, 41.8716159], [-87.74999284, 41.87156505], [-87.75335747, 41.87150668], [-87.75584517, 41.87149565], [-87.7567501, 41.87148841], [-87.75765829, 41.8714694], [-87.75834273, 41.87143984], [-87.75891988, 41.87141916], [-87.75940282, 41.87135795], [-87.75978829, 41.87126562], [-87.76011413, 41.87114235], [-87.7604367, 41.8710332], [-87.7606044, 41.8709657], [-87.76091769, 41.87083529], [-87.76126272, 41.87068148], [-87.76166797, 41.87049262], [-87.76188951, 41.87039711], [-87.76212352, 41.87031815], [-87.76237645, 41.87023929], [-87.7625344, 41.87020472], [-87.76276496, 41.87015874], [-87.76302074, 41.87011288], [-87.76329849, 41.87007891], [-87.76354147, 41.87005419], [-87.76385052, 41.8700463], [-87.76432652, 41.87005337], [-87.76490932, 41.87010574], [-87.76739498, 41.87032068], [-87.76825513, 41.87038383], [-87.77014897, 41.87049682], [-87.77246311, 41.87063601], [-87.77395952, 41.87072777], [-87.77428581772777, 41.87074251610314]]}}, {"type": "Feature", "properties": {"route_id": "Blue", "route_long_name": "Blue Line", "route_color": "#00A1DE", "route_text_color": "#FFFFFF", "shape_id": "309000001"}, "geometry": {"type": "LineString", "coordinates": [[-87.77428581772777, 41.87074251610314], [-87.77395952, 41.87072777], [-87.77246311, 41.87063601], [-87.77014897, 41.87049682], [-87.76825513, 41.87038383], [-87.76739498, 41.87032068], [-87.76490932, 41.87010574], [-87.76432652, 41.87005337], [-87.76385052, 41.8700463], [-87.76354147, 41.87005419], [-87.76329849, 41.87007891], [-87.76302074, 41.87011288], [-87.76276496, 41.87015874], [-87.7625344, 41.87020472], [-87.76237645, 41.87023929], [-87.76212352, 41.87031815], [-87.76188951, 41.87039711], [-87.76166797, 41.87049262], [-87.76126272, 41.87068148], [-87.76091769, 41.87083529], [-87.7606044, 41.8709657], [-87.7604367, 41.8710332], [-87.76011413, 41.87114235], [-87.75978829, 41.87126562], [-87.75940282, 41.87135795], [-87.75891988, 41.87141916], [-87.75834273, 41.87143984], [-87.75765829, 41.8714694], [-87.7567501, 41.87148841], [-87.75584517, 41.87149565], [-87.75335747, 41.87150668], [-87.74999284, 41.87156505], [-87.74517796, 41.8716159], [-87.74485956, 41.87161191], [-87.74381254, 41.87164189], [-87.74146335, 41.87167458], [-87.74066552, 41.87169167], [-87.74018611, 41.87171041], [-87.73976645, 41.87174594], [-87.73941287, 41.87179596], [-87.73880326, 41.87191534], [-87.7385189, 41.87197985], [-87.73817123, 41.87207231], [-87.73787728, 41.87215091], [-87.7374565, 41.87230662], [-87.73711476, 41.87243916], [-87.73624048, 41.87287765], [-87.73584143, 41.87306881], [-87.73504394, 41.87338515], [-87.73470567, 41.87348236], [-87.73421888, 41.87361414], [-87.73375456, 41.87370362], [-87.73318946, 41.87378079], [-87.73268466, 41.87381586], [-87.73026929, 41.87383619], [-87.72707174, 41.87388298], [-87.72563071, 41.87389657], [-87.72514826, 41.87390109], [-87.72422422, 41.87392447], [-87.71970237, 41.87397581], [-87.71562195, 41.87402463], [-87.71422183, 41.87404537], [-87.71252843, 41.87407157], [-87.71076276, 41.87407262], [-87.70945396, 41.8741044], [-87.70826178, 41.87414033], [-87.70786094, 41.87418292], [-87.70752639, 41.87421645], [-87.70719804, 41.87426179], [-87.70676551, 41.8743207], [-87.70619632, 41.87440398], [-87.70598407, 41.87443336], [-87.70394585, 41.87473181], [-87.70147354, 41.87509288], [-87.70081923, 41.87518457], [-87.70043956, 41.87522297], [-87.70000879, 41.87527062], [-87.69961005, 41.87530416], [-87.69916986, 41.87533746], [-87.69878393, 41.87536391], [-87.69831197, 41.87538751], [-87.69778588, 41.87540604], [-87.69673547, 41.87540365], [-87.6960229, 41.87541701], [-87.69233522, 41.8754777], [-87.69148324, 41.87547949], [-87.69104051, 41.87549953], [-87.68844028, 41.87553742], [-87.68703354, 41.87554613], [-87.68613464, 41.87555298], [-87.68027372, 41.87558864], [-87.67645717, 41.87561714], [-87.67395164, 41.87564328], [-87.67336501, 41.87565897], [-87.67275937, 41.87566263], [-87.66887019, 41.87574243], [-87.66753683, 41.87576968], [-87.66658707, 41.87577994], [-87.664996, 41.87581805], [-87.66018924, 41.87587907], [-87.65946127, 41.87589349], [-87.6593502, 41.87588868], [-87.65898627, 41.8758907], [-87.6586389, 41.87590319], [-87.65821388, 41.87590433], [-87.65786863, 41.8759082], [-87.65739138, 41.87588398], [-87.65697897, 41.8758547], [-87.65681143, 41.8758428], [-87.6558483, 41.87578711], [-87.65376121, 41.87560661], [-87.65180096, 41.87547341], [-87.650404, 41.87548496], [-87.64964799, 41.87552406], [-87.64710613, 41.87552966], [-87.6419136, 41.87552047], [-87.64098997, 41.87554676], [-87.63730452, 41.87561182], [-87.63363132, 41.87557648], [-87.63172783, 41.87557548], [-87.62969603, 41.87561613], [-87.62955375, 41.87563649], [-87.6294264, 41.87567331], [-87.62929153, 41.87574849], [-87.62923243, 41.87586904], [-87.62922653, 41.87598473], [-87.62923961, 41.87631412], [-87.62924593, 41.87650614], [-87.6292573, 41.87685123], [-87.62925871, 41.87689399], [-87.62930141, 41.87819037], [-87.62930197, 41.87820741], [-87.62931946, 41.87873824], [-87.62932951, 41.87904338], [-87.62934445, 41.8795054], [-87.62938345, 41.88071131], [-87.62938523, 41.88076642], [-87.62940419, 41.88135272], [-87.62942548, 41.8820108], [-87.62942952, 41.88213577], [-87.62944581, 41.88317228], [-87.62947134, 41.88537697], [-87.62947315, 41.88547283], [-87.62947635, 41.88552295], [-87.62948375, 41.88557868], [-87.62953044, 41.88564091], [-87.62958916, 41.88568552], [-87.62966604, 41.88571567], [-87.62971012, 41.8857308], [-87.62975855, 41.8857411], [-87.62982204, 41.88574626], [-87.6299274, 41.88574601], [-87.6301197, 41.88574557], [-87.63020427, 41.88574537], [-87.63089177, 41.88574484], [-87.63204551, 41.88574451], [-87.63285147, 41.885738], [-87.63391893, 41.88573238], [-87.63606304, 41.88572392], [-87.63815614, 41.88571562], [-87.63944895, 41.88571048], [-87.63970349, 41.88573891], [-87.63985484, 41.88575842], [-87.63994335, 41.88579883], [-87.64001327, 41.88584718], [-87.64058084, 41.88626469], [-87.6408602, 41.88647019], [-87.64120035, 41.8867204], [-87.64196462, 41.88728245], [-87.64266072, 41.88779433], [-87.64335911, 41.88830934], [-87.64444954, 41.88910718], [-87.64506188, 41.88952613], [-87.64572158, 41.88997748], [-87.64678302, 41.89067476], [-87.64758407, 41.89119715], [-87.64859165, 41.89184904], [-87.64942871, 41.89237695], [-87.65044892, 41.89303195], [-87.65193481, 41.89398538], [-87.65285324, 41.89460354], [-87.65380607, 41.89520976], [-87.65485153, 41.89585809], [-87.65522004, 41.89608309], [-87.65580256, 41.89645185], [-87.65672279, 41.89706086], [-87.65782003, 41.89778171], [-87.65879139, 41.89840287], [-87.65987464, 41.89910479], [-87.66090721, 41.89975266], [-87.66162808, 41.90022812], [-87.6625927, 41.90083179], [-87.66358024, 41.90146997], [-87.66417589, 41.90185029], [-87.66524265, 41.90252851], [-87.66593216, 41.90297935], [-87.66650183, 41.90336294], [-87.6682817, 41.90441129], [-87.66900577, 41.90465936], [-87.67014862, 41.90514585], [-87.67064111, 41.90538471], [-87.67104148, 41.90561097], [-87.67363365, 41.90726644], [-87.67572618, 41.90860797], [-87.67744242, 41.90975165], [-87.6792833, 41.91092547], [-87.68099917, 41.91204449], [-87.68209795, 41.91274302], [-87.68382437, 41.91386992], [-87.68522658, 41.91477469], [-87.68737015, 41.91616529], [-87.68897334, 41.91715589], [-87.69113414, 41.91847383], [-87.69406784, 41.92024567], [-87.69689557, 41.92194703], [-87.69823619, 41.92278232], [-87.69994871, 41.9238291], [-87.70203337, 41.92506742], [-87.70395814, 41.92627489], [-87.70437746, 41.92658082], [-87.70471027, 41.92683903], [-87.7050031, 41.92710299], [-87.70530381, 41.92737891], [-87.70555702, 41.92761283], [-87.70594479, 41.92796675], [-87.70639627, 41.92833889], [-87.70692771, 41.92869955], [-87.70735561, 41.92900306], [-87.70854716, 41.9297359], [-87.71032622, 41.93083804], [-87.7116042, 41.9316018], [-87.71180201, 41.93174539], [-87.71192991, 41.93182846], [-87.71206667, 41.9319459], [-87.71214807, 41.93208364], [-87.71217412, 41.93224167], [-87.71220335, 41.93242946], [-87.71225253, 41.93458297], [-87.71231403, 41.93677317], [-87.71236513, 41.93813953], [-87.71240011, 41.9392724], [-87.71242318, 41.94014945], [-87.7124853, 41.94046613], [-87.71258118, 41.94066132], [-87.71279055, 41.94091796], [-87.71300062, 41.94110161], [-87.7132923, 41.94127352], [-87.71361668, 41.94143345], [-87.71394131, 41.94156904], [-87.714284, 41.9417377], [-87.71452879, 41.94186183], [-87.71473604, 41.94196367], [-87.71503361, 41.9421399], [-87.71529965, 41.94231265], [-87.71562869, 41.94256188], [-87.71594, 41.9427947], [-87.71617408, 41.94300559], [-87.71636657, 41.94322816], [-87.71652759, 41.9434053], [-87.71665351, 41.94358226], [-87.71680774, 41.94380224], [-87.7170371, 41.94417271], [-87.71727256, 41.94457179], [-87.71750144, 41.94499227], [-87.71771162, 41.94536739], [-87.71789992, 41.94569475], [-87.71814167, 41.94610578], [-87.71831418, 41.94641638], [-87.71850639, 41.94666991], [-87.71868241, 41.94694718], [-87.71879609, 41.94707166], [-87.71891603, 41.94720809], [-87.71910509, 41.94736796], [-87.71928401, 41.94751977], [-87.71950221, 41.94768724], [-87.71972442, 41.94784737], [-87.71992539, 41.94796368], [-87.72012538, 41.94806303], [-87.72043238, 41.94821138], [-87.72073945, 41.94833528], [-87.72098843, 41.94845265], [-87.72122232, 41.94854922], [-87.72155312, 41.94869558], [-87.72181384, 41.94881652], [-87.72240886, 41.94910972], [-87.72302235, 41.94944403], [-87.72357369, 41.94975732], [-87.72548138, 41.95085631], [-87.72632702, 41.95132785], [-87.72798429, 41.95227581], [-87.72918305, 41.95294812], [-87.73043696, 41.9536503], [-87.73273515, 41.95495822], [-87.73447143, 41.95595826], [-87.73594838, 41.95671156], [-87.73725054, 41.95743461], [-87.74074613, 41.95941467], [-87.74122008, 41.95970865], [-87.74169852, 41.96000609], [-87.74215129, 41.96029066], [-87.74251578, 41.96056648], [-87.74275012, 41.9607654], [-87.74300663, 41.96098349], [-87.74326992, 41.96118285], [-87.74343499, 41.9613382], [-87.74362277, 41.9614945], [-87.74388899, 41.96169834], [-87.74410135, 41.96185904], [-87.74433603, 41.96202222], [-87.74456448, 41.96216871], [-87.74477391, 41.9623008], [-87.74502798, 41.96243788], [-87.74526097, 41.96256863], [-87.74546951, 41.96266883], [-87.74577478, 41.96279188], [-87.74611831, 41.96291989], [-87.74656069, 41.96305793], [-87.74699363, 41.96318163], [-87.7475952, 41.96336336], [-87.74802788, 41.96351564], [-87.74837791, 41.96363177], [-87.74870252, 41.96373585], [-87.74892191, 41.96382749], [-87.74925262, 41.96396257], [-87.74951643, 41.96408302], [-87.74975795, 41.96419859], [-87.75000251, 41.96433085], [-87.75086409, 41.9647841], [-87.7516368, 41.96537299], [-87.75218884, 41.96574025], [-87.75262036, 41.96602352], [-87.75332818, 41.96646065], [-87.75396959, 41.96683073], [-87.75466822, 41.96722731], [-87.7553129, 41.96759026], [-87.75586869, 41.96790035], [-87.75640593, 41.96820321], [-87.75738914, 41.9687709], [-87.75857435, 41.96944563], [-87.75918722, 41.96980125], [-87.75970411, 41.97008417], [-87.76013208, 41.97031374], [-87.76057796, 41.97050486], [-87.76089808, 41.970642], [-87.76149561, 41.97088641], [-87.76210065, 41.97108171], [-87.76268951, 41.97122731], [-87.76320782, 41.9713532], [-87.76371541, 41.97146315], [-87.76430296, 41.97162234], [-87.76472054, 41.97176254], [-87.7651354, 41.97192176], [-87.76535068, 41.97201587], [-87.76572334, 41.97217278], [-87.76624462, 41.97244208], [-87.7672289, 41.9729928], [-87.76797347, 41.97339345], [-87.76944578, 41.97421948], [-87.77193537, 41.97563973], [-87.77368889, 41.97664076], [-87.77524266, 41.97751931], [-87.77702067, 41.97853273], [-87.77838758, 41.9792874], [-87.77983599, 41.98011519], [-87.7808327, 41.98068872], [-87.78175811, 41.98120235], [-87.78252849, 41.98164674], [-87.78307306, 41.98189948], [-87.78364978, 41.98212556], [-87.7842072, 41.98227711], [-87.78469317, 41.98238365], [-87.78516747, 41.98245441], [-87.78554631, 41.98248897], [-87.78598513, 41.98250893], [-87.78651195, 41.98250548], [-87.78713064, 41.98249354], [-87.78792888, 41.98248542], [-87.79065758, 41.98246858], [-87.79403888, 41.98243925], [-87.79876754, 41.9824042], [-87.80107277, 41.98239109], [-87.80307155, 41.98237175], [-87.80606324, 41.98235457], [-87.80719031, 41.98234783], [-87.80890075, 41.98233123], [-87.80984916, 41.98232178], [-87.81112869, 41.98229774], [-87.81248659, 41.98229012], [-87.81304061, 41.98231561], [-87.81355755, 41.98235701], [-87.81420943, 41.98246334], [-87.8147045, 41.98254368], [-87.81528545, 41.98266576], [-87.81594602, 41.98284104], [-87.81685439, 41.98306426], [-87.81773353, 41.98326748], [-87.81861285, 41.9834495], [-87.81949481, 41.98358293], [-87.82075892, 41.98375629], [-87.82179544, 41.98389645], [-87.82300897, 41.98404429], [-87.82405485, 41.98417069], [-87.82528222, 41.98432086], [-87.82685006, 41.98444265], [-87.82834441, 41.98451356], [-87.82959728, 41.98455582], [-87.83116435, 41.98458106], [-87.83276117, 41.98454439], [-87.83422429, 41.98447495], [-87.83561815, 41.98440317], [-87.83679209, 41.98434797], [-87.83803181, 41.98430192], [-87.84022411, 41.98419713], [-87.84186275, 41.9841023], [-87.84339708, 41.98403855], [-87.84477951, 41.98398586], [-87.84568178, 41.98398383], [-87.84814909, 41.98388912], [-87.85067317, 41.98379619], [-87.85238744, 41.98377973], [-87.85360215, 41.98375356], [-87.85637406111661, 41.98364246033319]]}}, {"type": "Feature", "properties": {"route_id": "Blue", "route_long_name": "Blue Line", "route_color": "#00A1DE", "route_text_color": "#FFFFFF", "shape_id": "309000001"}, "geometry": {"type": "LineString", "coordinates": [[-87.87579479710561, 41.98220508235751], [-87.87874421, 41.98098848], [-87.8787499, 41.98098619], [-87.88551367, 41.97823734], [-87.88726091, 41.977474], [-87.88747802, 41.97737546], [-87.88772283, 41.97728532], [-87.88805525, 41.97717854], [-87.88840658, 41.97710172], [-87.88875317, 41.97705207], [-87.88901295, 41.97703947], [-87.88902632, 41.97703953], [-87.88927363, 41.97704048], [-87.88960061, 41.97704515], [-87.88993743, 41.97709064], [-87.89031507, 41.97716349], [-87.89066071, 41.97724981], [-87.89095606, 41.97736313], [-87.89124216, 41.97749682], [-87.89148723, 41.97763374], [-87.89170936, 41.97779437], [-87.89279619, 41.9787141], [-87.89383222, 41.97965497], [-87.89562529, 41.98119128], [-87.89562924, 41.98119501], [-87.89576815, 41.98132633], [-87.89601852, 41.98147528], [-87.89627925, 41.9815941], [-87.89658984, 41.98168175], [-87.89713871, 41.98174609], [-87.89778347, 41.98176359], [-87.89842627, 41.98181708], [-87.89916521, 41.98181988], [-87.89994645, 41.98163904], [-87.90057847, 41.98126365], [-87.90097848, 41.98079548], [-87.9012957, 41.9804291], [-87.90148844, 41.98025626], [-87.9017089, 41.98003246], [-87.90195672, 41.97980876], [-87.90234234, 41.97944264], [-87.90422891, 41.97767312]]}}, {"type": "Feature", "properties": {"route_id": "Brn", "route_long_name": "Brown Line", "route_color": "#62361B", "route_text_color": "#FFFFFF", "shape_id": "309000029"}, "geometry": {"type": "LineString", "coordinates": [[-87.62610365, 41.87951807], [-87.62616192, 41.88203875], [-87.62619456, 41.88322886], [-87.62622786, 41.88444275], [-87.62626248, 41.88535057], [-87.62626051, 41.88552922], [-87.6262587, 41.88557788], [-87.62627344, 41.88562562], [-87.62630802, 41.88566611], [-87.62635259, 41.88569726], [-87.62642642, 41.88573037], [-87.62650898, 41.88574084], [-87.62656012, 41.8857441], [-87.62661795, 41.88574631], [-87.62683561, 41.88574666], [-87.62784093, 41.88574827], [-87.62887754, 41.88574844], [-87.62948396, 41.88574704], [-87.62982204, 41.88574626], [-87.6299274, 41.88574601], [-87.6301197, 41.88574557], [-87.63020427, 41.88574537], [-87.63089177, 41.88574484], [-87.63204551, 41.88574451], [-87.63285147, 41.885738], [-87.63391893, 41.88573238], [-87.6339614, 41.88707713], [-87.63397911, 41.88897579], [-87.63399917, 41.88943406], [-87.63402581, 41.88952979], [-87.63407745, 41.88963159], [-87.63414252, 41.88970982], [-87.63425213, 41.88979512], [-87.63436951, 41.88984824], [-87.63447345, 41.88989421], [-87.63462152, 41.88991964], [-87.6347597, 41.88994413], [-87.63493876, 41.88997795], [-87.63508496, 41.89001934], [-87.63524568, 41.89007795], [-87.6353324, 41.89013281], [-87.63540484, 41.89021424], [-87.63548668, 41.89031002], [-87.63553222, 41.89051993], [-87.63554095, 41.89147522], [-87.63558594, 41.89261417], [-87.63560103, 41.89327888], [-87.63563407, 41.8943439], [-87.63565097, 41.89542788], [-87.63568891, 41.89633571], [-87.63569075, 41.89645959], [-87.63574075, 41.8965528], [-87.63583984, 41.89667595], [-87.63595241, 41.89678203], [-87.63623135, 41.89699385], [-87.63634592, 41.89708665], [-87.63641452, 41.89715615], [-87.63649811, 41.89726316], [-87.63654688, 41.89738435], [-87.6365482, 41.89761751], [-87.63657075, 41.89867382], [-87.63658388, 41.89892344], [-87.63662786, 41.89975973], [-87.63664507, 41.90008704], [-87.63664238, 41.90029502], [-87.63670958, 41.90120214], [-87.63670444, 41.90132012], [-87.63669549, 41.9014352], [-87.63666326, 41.90156454], [-87.63659541, 41.90178001], [-87.63653622, 41.90190918], [-87.63650793, 41.9020299], [-87.63647614, 41.90211894], [-87.63647122, 41.90221677], [-87.63646198, 41.90235776], [-87.63649556, 41.90245871], [-87.63653303, 41.9025568], [-87.6365974, 41.90266082], [-87.63671533, 41.9027997], [-87.63682948, 41.9029328], [-87.63688652, 41.90300223], [-87.6369507, 41.90312351], [-87.63699966, 41.90322743], [-87.63701379, 41.90334553], [-87.63702936, 41.90368528], [-87.63702127, 41.90381913], [-87.63711431, 41.90544163], [-87.63713826, 41.90607503], [-87.63718737, 41.90758363], [-87.6372325, 41.90874966], [-87.63725501, 41.90951546], [-87.63726802, 41.90973718], [-87.63727432, 41.90986674], [-87.63730179, 41.90999845], [-87.63736833, 41.9101163], [-87.63746589, 41.91021591], [-87.63757619, 41.91027875], [-87.63771724, 41.91034869], [-87.63787698, 41.91040031], [-87.63798162, 41.91041707], [-87.63814496, 41.91042681], [-87.63930792, 41.91041704], [-87.63975191, 41.91041285], [-87.64038362, 41.91040883], [-87.64100553, 41.91040487], [-87.64255542, 41.91039499], [-87.64348458, 41.91037105], [-87.64523542, 41.91034854], [-87.64580959, 41.9103496], [-87.64646175, 41.91034049], [-87.64664932, 41.91033787], [-87.64682346, 41.91034626], [-87.64697474, 41.91037075], [-87.64710066, 41.91040451], [-87.64718539, 41.91045218], [-87.64728255, 41.9105188], [-87.64734144, 41.91062055], [-87.64736253, 41.91071501], [-87.64738302, 41.91086606], [-87.64739645, 41.91102043], [-87.64741025, 41.9111326], [-87.64745424, 41.91122813], [-87.64756364, 41.91139303], [-87.64768598, 41.91146686], [-87.64781814, 41.91150774], [-87.6479222, 41.91152015], [-87.64863264, 41.9115126], [-87.64883791, 41.91150675], [-87.64900523, 41.91150775], [-87.64921015, 41.91153491], [-87.64939586, 41.9115879], [-87.64948719, 41.91160966], [-87.64957197, 41.91165262], [-87.64971962, 41.91172188], [-87.64985449, 41.91180523], [-87.65017403, 41.91203824], [-87.65093199, 41.91260872], [-87.65183313, 41.91322486], [-87.65208388, 41.91339614], [-87.65223417, 41.91351494], [-87.6523498, 41.91362647], [-87.65242762, 41.91377308], [-87.65250619, 41.91406733], [-87.65255411, 41.91563365], [-87.65261557, 41.91718721], [-87.65263065, 41.91764042], [-87.65264558, 41.91808958], [-87.65265007, 41.91822443], [-87.6527469, 41.92113642], [-87.65276564, 41.92172606], [-87.65282296, 41.92353018], [-87.6528716, 41.92505923], [-87.65288083, 41.92537635], [-87.65289711, 41.92599911], [-87.65292736, 41.92715665], [-87.6529412, 41.92768595], [-87.65296055, 41.92842599], [-87.65296799, 41.92871064], [-87.65299894, 41.92951536], [-87.65302948, 41.93030959], [-87.65305256, 41.9309096], [-87.65307613, 41.93152254], [-87.65310161, 41.93218483], [-87.65313662, 41.93273936], [-87.65314307, 41.93312462], [-87.65320224, 41.93445997], [-87.65322253, 41.93491807], [-87.65324069, 41.9353278], [-87.65327221, 41.93604047], [-87.6532809, 41.93627449], [-87.65331441, 41.93717744], [-87.65333158, 41.93764005], [-87.65336938, 41.93865814], [-87.65337365, 41.93893662], [-87.65338068, 41.93939549], [-87.65338625, 41.93975861], [-87.65345968, 41.94218468], [-87.65348073, 41.94239083], [-87.65351702, 41.94257923], [-87.65356047, 41.94269383], [-87.65361347, 41.94281087], [-87.65367126, 41.94292794], [-87.65375269, 41.94307135], [-87.65382797, 41.94319328], [-87.65392237, 41.94331771], [-87.65401055, 41.94342781], [-87.65410528, 41.94352128], [-87.65425389, 41.94364841], [-87.65441869, 41.9437542], [-87.65454892, 41.94380975], [-87.65470465, 41.94386785], [-87.65488606, 41.9439118], [-87.65503576, 41.9439365], [-87.65522069, 41.94394951], [-87.65550148, 41.94394878], [-87.65608867, 41.94394034], [-87.65767151, 41.94391869], [-87.65910101, 41.94391519], [-87.66361533, 41.94382012], [-87.6650865, 41.94379772], [-87.66585235, 41.94379027], [-87.66749255, 41.94377597], [-87.66938988, 41.94373455], [-87.67088971, 41.94371701], [-87.67150596, 41.94370984], [-87.67234493, 41.94369443], [-87.67263529, 41.94369372], [-87.67289996, 41.94370954], [-87.67311348, 41.94373459], [-87.67334602, 41.94377165], [-87.67348285, 41.94380817], [-87.67367684, 41.94387122], [-87.67386437, 41.94394138], [-87.6740547, 41.94404967], [-87.67420043, 41.94415056], [-87.67430477, 41.94424406], [-87.67442452, 41.94438958], [-87.67450573, 41.94455918], [-87.6745772, 41.94474539], [-87.67463574, 41.94494821], [-87.67466568, 41.94513895], [-87.67468903, 41.94597045], [-87.67474188, 41.94703652], [-87.67477047, 41.94859936], [-87.67479851, 41.94959525], [-87.67484127, 41.95102144], [-87.67485962, 41.95202919], [-87.67487165, 41.9530307], [-87.67491344, 41.95393043], [-87.67496151, 41.954531], [-87.6749776, 41.95513854], [-87.67501295, 41.95666569], [-87.67505992, 41.9579928], [-87.67513657, 41.96077937], [-87.67517116, 41.96175958], [-87.67519568, 41.96371925], [-87.67521062, 41.96434357], [-87.67521973, 41.96457653], [-87.67522309, 41.96477707], [-87.67523441, 41.96491768], [-87.6752475, 41.96504163], [-87.67530974, 41.96519682], [-87.67539679, 41.96537019], [-87.67545047, 41.96547872], [-87.67557954, 41.96565336], [-87.67570254, 41.96579699], [-87.67589547, 41.9659696], [-87.67613328, 41.96612342], [-87.67638744, 41.96623922], [-87.67665464, 41.96632889], [-87.67696045, 41.96638781], [-87.67722674, 41.96641077], [-87.67741495, 41.96642137], [-87.67767021, 41.96642998], [-87.67864066, 41.96641884], [-87.68034541, 41.96639043], [-87.68160001, 41.96637136], [-87.68272047, 41.96636104], [-87.68399113, 41.9663325], [-87.68545955, 41.96631698], [-87.68718664, 41.9662886], [-87.68850838, 41.96625791], [-87.68946911, 41.96626092], [-87.69026079, 41.96625107], [-87.69145148, 41.96623868], [-87.6941169, 41.96621782], [-87.69502823, 41.96621336], [-87.6967551, 41.96620627], [-87.69789794, 41.96619116], [-87.69873445, 41.9661672], [-87.69954206, 41.96615976], [-87.70075822, 41.96615455], [-87.70166151, 41.96615476], [-87.70267342, 41.96614603], [-87.70399809, 41.96614139], [-87.706456, 41.96612387], [-87.70763388, 41.966116], [-87.70884958, 41.96610047], [-87.71028026, 41.96608275], [-87.71108461, 41.96608235], [-87.71173177, 41.96606876], [-87.71219303, 41.96606013], [-87.71240445, 41.96605349], [-87.71255803, 41.96605677], [-87.71268686, 41.96605479], [-87.71280828, 41.96607948], [-87.71292593, 41.96612284], [-87.71298514, 41.9661582], [-87.71303947, 41.9662228], [-87.71309315, 41.96630312], [-87.71310441, 41.96636119], [-87.71311606, 41.96644218], [-87.71312096, 41.96667453], [-87.71314782, 41.96793602]]}}, {"type": "Feature", "properties": {"route_id": "Brn", "route_long_name": "Brown Line", "route_color": "#62361B", "route_text_color": "#FFFFFF", "shape_id": "309000022"}, "geometry": {"type": "LineString", "coordinates": [[-87.71314782, 41.96793602], [-87.71312096, 41.96667453], [-87.71311606, 41.96644218], [-87.71310441, 41.96636119], [-87.71309315, 41.96630312], [-87.71303947, 41.9662228], [-87.71298514, 41.9661582], [-87.71292593, 41.96612284], [-87.71280828, 41.96607948], [-87.71268686, 41.96605479], [-87.71255803, 41.96605677], [-87.71240445, 41.96605349], [-87.71219303, 41.96606013], [-87.71173177, 41.96606876], [-87.71108461, 41.96608235], [-87.71028026, 41.96608275], [-87.70884958, 41.96610047], [-87.70763388, 41.966116], [-87.706456, 41.96612387], [-87.70399809, 41.96614139], [-87.70267342, 41.96614603], [-87.70166151, 41.96615476], [-87.70075822, 41.96615455], [-87.69954206, 41.96615976], [-87.69873445, 41.9661672], [-87.69789794, 41.96619116], [-87.6967551, 41.96620627], [-87.69502823, 41.96621336], [-87.6941169, 41.96621782], [-87.69145148, 41.96623868], [-87.69026079, 41.96625107], [-87.68946911, 41.96626092], [-87.68850838, 41.96625791], [-87.68718664, 41.9662886], [-87.68545955, 41.96631698], [-87.68399113, 41.9663325], [-87.68272047, 41.96636104], [-87.68160001, 41.96637136], [-87.68034541, 41.96639043], [-87.67864066, 41.96641884], [-87.67767021, 41.96642998], [-87.67741495, 41.96642137], [-87.67722674, 41.96641077], [-87.67696045, 41.96638781], [-87.67665464, 41.96632889], [-87.67638744, 41.96623922], [-87.67613328, 41.96612342], [-87.67589547, 41.9659696], [-87.67570254, 41.96579699], [-87.67557954, 41.96565336], [-87.67545047, 41.96547872], [-87.67539679, 41.96537019], [-87.67530974, 41.96519682], [-87.6752475, 41.96504163], [-87.67523441, 41.96491768], [-87.67522309, 41.96477707], [-87.67521973, 41.96457653], [-87.67521062, 41.96434357], [-87.67519568, 41.96371925], [-87.67517116, 41.96175958], [-87.67513657, 41.96077937], [-87.67505992, 41.9579928], [-87.67501295, 41.95666569], [-87.6749776, 41.95513854], [-87.67496151, 41.954531], [-87.67491344, 41.95393043], [-87.67487165, 41.9530307], [-87.67485962, 41.95202919], [-87.67484127, 41.95102144], [-87.67479851, 41.94959525], [-87.67477047, 41.94859936], [-87.67474188, 41.94703652], [-87.67468903, 41.94597045], [-87.67466568, 41.94513895], [-87.67463574, 41.94494821], [-87.6745772, 41.94474539], [-87.67450573, 41.94455918], [-87.67442452, 41.94438958], [-87.67430477, 41.94424406], [-87.67420043, 41.94415056], [-87.6740547, 41.94404967], [-87.67386437, 41.94394138], [-87.67367684, 41.94387122], [-87.67348285, 41.94380817], [-87.67334602, 41.94377165], [-87.67311348, 41.94373459], [-87.67289996, 41.94370954], [-87.67263529, 41.94369372], [-87.67234493, 41.94369443], [-87.67150596, 41.94370984], [-87.67088971, 41.94371701], [-87.66938988, 41.94373455], [-87.66749255, 41.94377597], [-87.66585235, 41.94379027], [-87.6650865, 41.94379772], [-87.66361533, 41.94382012], [-87.65910101, 41.94391519], [-87.65767151, 41.94391869], [-87.65608867, 41.94394034], [-87.65550148, 41.94394878], [-87.65522069, 41.94394951], [-87.65503576, 41.9439365], [-87.65488606, 41.9439118], [-87.65470465, 41.94386785], [-87.65454892, 41.94380975], [-87.65441869, 41.9437542], [-87.65425389, 41.94364841], [-87.65410528, 41.94352128], [-87.65401055, 41.94342781], [-87.65392237, 41.94331771], [-87.65382797, 41.94319328], [-87.65375269, 41.94307135], [-87.65367126, 41.94292794], [-87.65361347, 41.94281087], [-87.65356047, 41.94269383], [-87.65351702, 41.94257923], [-87.65348073, 41.94239083], [-87.65345968, 41.94218468], [-87.65338625, 41.93975861], [-87.65338068, 41.93939549], [-87.65337365, 41.93893662], [-87.65336938, 41.93865814], [-87.65333158, 41.93764005], [-87.65331441, 41.93717744], [-87.6532809, 41.93627449], [-87.65327221, 41.93604047], [-87.65324069, 41.9353278], [-87.65322253, 41.93491807], [-87.65320224, 41.93445997], [-87.65314307, 41.93312462], [-87.65313662, 41.93273936], [-87.65310161, 41.93218483], [-87.65307613, 41.93152254], [-87.65305256, 41.9309096], [-87.65302948, 41.93030959], [-87.65299894, 41.92951536], [-87.65296799, 41.92871064], [-87.65296055, 41.92842599], [-87.6529412, 41.92768595], [-87.65292736, 41.92715665], [-87.65289711, 41.92599911], [-87.65288083, 41.92537635], [-87.6528716, 41.92505923], [-87.65282296, 41.92353018], [-87.65276564, 41.92172606], [-87.6527469, 41.92113642], [-87.65265007, 41.91822443], [-87.65264558, 41.91808958], [-87.65263065, 41.91764042], [-87.65261557, 41.91718721], [-87.65255411, 41.91563365], [-87.65250619, 41.91406733], [-87.65242762, 41.91377308], [-87.6523498, 41.91362647], [-87.65223417, 41.91351494], [-87.65208388, 41.91339614], [-87.65183313, 41.91322486], [-87.65093199, 41.91260872], [-87.65017403, 41.91203824], [-87.64985449, 41.91180523], [-87.64971962, 41.91172188], [-87.64957197, 41.91165262], [-87.64948719, 41.91160966], [-87.64939586, 41.9115879], [-87.64921015, 41.91153491], [-87.64900523, 41.91150775], [-87.64883791, 41.91150675], [-87.64863264, 41.9115126], [-87.6479222, 41.91152015], [-87.64781814, 41.91150774], [-87.64768598, 41.91146686], [-87.64756364, 41.91139303], [-87.64745424, 41.91122813], [-87.64741025, 41.9111326], [-87.64739645, 41.91102043], [-87.64738302, 41.91086606], [-87.64736253, 41.91071501], [-87.64734144, 41.91062055], [-87.64728255, 41.9105188], [-87.64718539, 41.91045218], [-87.64710066, 41.91040451], [-87.64697474, 41.91037075], [-87.64682346, 41.91034626], [-87.64664932, 41.91033787], [-87.64646175, 41.91034049], [-87.64580959, 41.9103496], [-87.64523542, 41.91034854], [-87.64348458, 41.91037105], [-87.64255542, 41.91039499], [-87.64100553, 41.91040487], [-87.64038362, 41.91040883], [-87.63975191, 41.91041285], [-87.63930792, 41.91041704], [-87.63814496, 41.91042681], [-87.63798162, 41.91041707], [-87.63787698, 41.91040031], [-87.63771724, 41.91034869], [-87.63757619, 41.91027875], [-87.63746589, 41.91021591], [-87.63736833, 41.9101163], [-87.63730179, 41.90999845], [-87.63727432, 41.90986674], [-87.63726802, 41.90973718], [-87.63725501, 41.90951546], [-87.6372325, 41.90874966], [-87.63718737, 41.90758363], [-87.63713826, 41.90607503], [-87.63711431, 41.90544163], [-87.63702127, 41.90381913], [-87.63702936, 41.90368528], [-87.63701379, 41.90334553], [-87.63699966, 41.90322743], [-87.6369507, 41.90312351], [-87.63688652, 41.90300223], [-87.63682948, 41.9029328], [-87.63671533, 41.9027997], [-87.6365974, 41.90266082], [-87.63653303, 41.9025568], [-87.63649556, 41.90245871], [-87.63646198, 41.90235776], [-87.63647122, 41.90221677], [-87.63647614, 41.90211894], [-87.63650793, 41.9020299], [-87.63653622, 41.90190918], [-87.63659541, 41.90178001], [-87.63666326, 41.90156454], [-87.63669549, 41.9014352], [-87.63670444, 41.90132012], [-87.63670958, 41.90120214], [-87.63664238, 41.90029502], [-87.63664507, 41.90008704], [-87.63662786, 41.89975973], [-87.63658388, 41.89892344], [-87.63657075, 41.89867382], [-87.6365482, 41.89761751], [-87.63654688, 41.89738435], [-87.63649811, 41.89726316], [-87.63641452, 41.89715615], [-87.63634592, 41.89708665], [-87.63623135, 41.89699385], [-87.63595241, 41.89678203], [-87.63583984, 41.89667595], [-87.63574075, 41.8965528], [-87.63569075, 41.89645959], [-87.63568891, 41.89633571], [-87.63565097, 41.89542788], [-87.63563407, 41.8943439], [-87.63560103, 41.89327888], [-87.63558594, 41.89261417], [-87.63554095, 41.89147522], [-87.63553222, 41.89051993], [-87.63548668, 41.89031002], [-87.63540484, 41.89021424], [-87.6353324, 41.89013281], [-87.63524568, 41.89007795], [-87.63508496, 41.89001934], [-87.63493876, 41.88997795], [-87.6347597, 41.88994413], [-87.63462152, 41.88991964], [-87.63447345, 41.88989421], [-87.63436951, 41.88984824], [-87.63425213, 41.88979512], [-87.63414252, 41.88970982], [-87.63407745, 41.88963159], [-87.63402581, 41.88952979], [-87.63399917, 41.88943406], [-87.63397911, 41.88897579], [-87.6339614, 41.88707713], [-87.63391893, 41.88573238], [-87.63389482, 41.88441348], [-87.63385928, 41.88270287], [-87.63385066, 41.88144742], [-87.63378832, 41.88014877], [-87.63374573, 41.87873114], [-87.6336922, 41.87726911], [-87.63369886, 41.87707066], [-87.63365097, 41.87696061], [-87.63359091, 41.87691498], [-87.63353383, 41.87688843], [-87.63345438, 41.87686651], [-87.6333812, 41.87685415], [-87.63263213, 41.87685673], [-87.63173959, 41.87686319], [-87.62925871, 41.87689399], [-87.62821489, 41.87691619]]}}, {"type": "Feature", "properties": {"route_id": "Brn", "route_long_name": "Brown Line", "route_color": "#62361B", "route_text_color": "#FFFFFF", "shape_id": "309000017"}, "geometry": {"type": "LineString", "coordinates": [[-87.71314782, 41.96793602], [-87.71312096, 41.96667453]]}}, {"type": "Feature", "properties": {"route_id": "Brn", "route_long_name": "Brown Line", "route_color": "#62361B", "route_text_color": "#FFFFFF", "shape_id": "309000017"}, "geometry": {"type": "LineString", "coordinates": [[-87.71312096, 41.96667453], [-87.71311606, 41.96644218]]}}, {"type": "Feature", "properties": {"route_id": "Brn", "route_long_name": "Brown Line", "route_color": "#62361B", "route_text_color": "#FFFFFF", "shape_id": "309000017"}, "geometry": {"type": "LineString", "coordinates": [[-87.71311606, 41.96644218], [-87.71310441, 41.96636119]]}}, {"type": "Feature", "properties": {"route_id": "Brn", "route_long_name": "Brown Line", "route_color": "#62361B", "route_text_color": "#FFFFFF", "shape_id": "309000017"}, "geometry": {"type": "LineString", "coordinates": [[-87.71310441, 41.96636119], [-87.71309315, 41.96630312]]}}, {"type": "Feature", "properties": {"route_id": "Brn", "route_long_name": "Brown Line", "route_color": "#62361B", "route_text_color": "#FFFFFF", "shape_id": "309000017"}, "geometry": {"type": "LineString", "coordinates": [[-87.71309315, 41.96630312], [-87.71303947, 41.9662228]]}}, {"type": "Feature", "properties": {"route_id": "Brn", "route_long_name": "Brown Line", "route_color": "#62361B", "route_text_color": "#FFFFFF", "shape_id": "309000017"}, "geometry": {"type": "LineString", "coordinates": [[-87.71303947, 41.9662228], [-87.71298514, 41.9661582]]}}, {"type": "Feature", "properties": {"route_id": "Brn", "route_long_name": "Brown Line", "route_color": "#62361B", "route_text_color": "#FFFFFF", "shape_id": "309000017"}, "geometry": {"type": "LineString", "coordinates": [[-87.71298514, 41.9661582], [-87.71292593, 41.96612284]]}}, {"type": "Feature", "properties": {"route_id": "Brn", "route_long_name": "Brown Line", "route_color": "#62361B", "route_text_color": "#FFFFFF", "shape_id": "309000017"}, "geometry": {"type": "LineString", "coordinates": [[-87.71292593, 41.96612284], [-87.71280828, 41.96607948]]}}, {"type": "Feature", "properties": {"route_id": "Brn", "route_long_name": "Brown Line", "route_color": "#62361B", "route_text_color": "#FFFFFF", "shape_id": "309000017"}, "geometry": {"type": "LineString", "coordinates": [[-87.71280828, 41.96607948], [-87.71268686, 41.96605479]]}}, {"type": "Feature", "properties": {"route_id": "Brn", "route_long_name": "Brown Line", "route_color": "#62361B", "route_text_color": "#FFFFFF", "shape_id": "309000017"}, "geometry": {"type": "LineString", "coordinates": [[-87.71268686, 41.96605479], [-87.71255803, 41.96605677]]}}, {"type": "Feature", "properties": {"route_id": "Brn", "route_long_name": "Brown Line", "route_color": "#62361B", "route_text_color": "#FFFFFF", "shape_id": "309000017"}, "geometry": {"type": "LineString", "coordinates": [[-87.71255803, 41.96605677], [-87.71240445, 41.96605349]]}}, {"type": "Feature", "properties": {"route_id": "Brn", "route_long_name": "Brown Line", "route_color": "#62361B", "route_text_color": "#FFFFFF", "shape_id": "309000017"}, "geometry": {"type": "LineString", "coordinates": [[-87.71240445, 41.96605349], [-87.71219303, 41.96606013]]}}, {"type": "Feature", "properties": {"route_id": "Brn", "route_long_name": "Brown Line", "route_color": "#62361B", "route_text_color": "#FFFFFF", "shape_id": "309000017"}, "geometry": {"type": "LineString", "coordinates": [[-87.71219303, 41.96606013], [-87.71173177, 41.96606876]]}}, {"type": "Feature", "properties": {"route_id": "Brn", "route_long_name": "Brown Line", "route_color": "#62361B", "route_text_color": "#FFFFFF", "shape_id": "309000017"}, "geometry": {"type": "LineString", "coordinates": [[-87.71173177, 41.96606876], [-87.71108461, 41.96608235]]}}, {"type": "Feature", "properties": {"route_id": "Brn", "route_long_name": "Brown Line", "route_color": "#62361B", "route_text_color": "#FFFFFF", "shape_id": "309000017"}, "geometry": {"type": "LineString", "coordinates": [[-87.71108461, 41.96608235], [-87.71028026, 41.96608275]]}}, {"type": "Feature", "properties": {"route_id": "Brn", "route_long_name": "Brown Line", "route_color": "#62361B", "route_text_color": "#FFFFFF", "shape_id": "309000017"}, "geometry": {"type": "LineString", "coordinates": [[-87.71028026, 41.96608275], [-87.70884958, 41.96610047]]}}, {"type": "Feature", "properties": {"route_id": "Brn", "route_long_name": "Brown Line", "route_color": "#62361B", "route_text_color": "#FFFFFF", "shape_id": "309000017"}, "geometry": {"type": "LineString", "coordinates": [[-87.70884958, 41.96610047], [-87.70763388, 41.966116]]}}, {"type": "Feature", "properties": {"route_id": "Brn", "route_long_name": "Brown Line", "route_color": "#62361B", "route_text_color": "#FFFFFF", "shape_id": "309000017"}, "geometry": {"type": "LineString", "coordinates": [[-87.70763388, 41.966116], [-87.706456, 41.96612387]]}}, {"type": "Feature", "properties": {"route_id": "Brn", "route_long_name": "Brown Line", "route_color": "#62361B", "route_text_color": "#FFFFFF", "shape_id": "309000017"}, "geometry": {"type": "LineString", "coordinates": [[-87.706456, 41.96612387], [-87.70399809, 41.96614139]]}}, {"type": "Feature", "properties": {"route_id": "Brn", "route_long_name": "Brown Line", "route_color": "#62361B", "route_text_color": "#FFFFFF", "shape_id": "309000017"}, "geometry": {"type": "LineString", "coordinates": [[-87.70399809, 41.96614139], [-87.70267342, 41.96614603]]}}, {"type": "Feature", "properties": {"route_id": "Brn", "route_long_name": "Brown Line", "route_color": "#62361B", "route_text_color": "#FFFFFF", "shape_id": "309000017"}, "geometry": {"type": "LineString", "coordinates": [[-87.70267342, 41.96614603], [-87.70166151, 41.96615476]]}}, {"type": "Feature", "properties": {"route_id": "Brn", "route_long_name": "Brown Line", "route_color": "#62361B", "route_text_color": "#FFFFFF", "shape_id": "309000017"}, "geometry": {"type": "LineString", "coordinates": [[-87.70166151, 41.96615476], [-87.70075822, 41.96615455]]}}, {"type": "Feature", "properties": {"route_id": "Brn", "route_long_name": "Brown Line", "route_color": "#62361B", "route_text_color": "#FFFFFF", "shape_id": "309000017"}, "geometry": {"type": "LineString", "coordinates": [[-87.70075822, 41.96615455], [-87.69954206, 41.96615976]]}}, {"type": "Feature", "properties": {"route_id": "Brn", "route_long_name": "Brown Line", "route_color": "#62361B", "route_text_color": "#FFFFFF", "shape_id": "309000017"}, "geometry": {"type": "LineString", "coordinates": [[-87.69954206, 41.96615976], [-87.69873445, 41.9661672]]}}, {"type": "Feature", "properties": {"route_id": "Brn", "route_long_name": "Brown Line", "route_color": "#62361B", "route_text_color": "#FFFFFF", "shape_id": "309000017"}, "geometry": {"type": "LineString", "coordinates": [[-87.69873445, 41.9661672], [-87.69789794, 41.96619116]]}}, {"type": "Feature", "properties": {"route_id": "Brn", "route_long_name": "Brown Line", "route_color": "#62361B", "route_text_color": "#FFFFFF", "shape_id": "309000017"}, "geometry": {"type": "LineString", "coordinates": [[-87.69789794, 41.96619116], [-87.6967551, 41.96620627]]}}, {"type": "Feature", "properties": {"route_id": "Brn", "route_long_name": "Brown Line", "route_color": "#62361B", "route_text_color": "#FFFFFF", "shape_id": "309000017"}, "geometry": {"type": "LineString", "coordinates": [[-87.6967551, 41.96620627], [-87.69502823, 41.96621336]]}}, {"type": "Feature", "properties": {"route_id": "Brn", "route_long_name": "Brown Line", "route_color": "#62361B", "route_text_color": "#FFFFFF", "shape_id": "309000017"}, "geometry": {"type": "LineString", "coordinates": [[-87.69502823, 41.96621336], [-87.6941169, 41.96621782]]}}, {"type": "Feature", "properties": {"route_id": "Brn", "route_long_name": "Brown Line", "route_color": "#62361B", "route_text_color": "#FFFFFF", "shape_id": "309000017"}, "geometry": {"type": "LineString", "coordinates": [[-87.6941169, 41.96621782], [-87.69145148, 41.96623868]]}}, {"type": "Feature", "properties": {"route_id": "Brn", "route_long_name": "Brown Line", "route_color": "#62361B", "route_text_color": "#FFFFFF", "shape_id": "309000017"}, "geometry": {"type": "LineString", "coordinates": [[-87.69145148, 41.96623868], [-87.69026079, 41.96625107]]}}, {"type": "Feature", "properties": {"route_id": "Brn", "route_long_name": "Brown Line", "route_color": "#62361B", "route_text_color": "#FFFFFF", "shape_id": "309000017"}, "geometry": {"type": "LineString", "coordinates": [[-87.69026079, 41.96625107], [-87.68946911, 41.96626092]]}}, {"type": "Feature", "properties": {"route_id": "Brn", "route_long_name": "Brown Line", "route_color": "#62361B", "route_text_color": "#FFFFFF", "shape_id": "309000017"}, "geometry": {"type": "LineString", "coordinates": [[-87.68946911, 41.96626092], [-87.68850838, 41.96625791]]}}, {"type": "Feature", "properties": {"route_id": "Brn", "route_long_name": "Brown Line", "route_color": "#62361B", "route_text_color": "#FFFFFF", "shape_id": "309000017"}, "geometry": {"type": "LineString", "coordinates": [[-87.68850838, 41.96625791], [-87.68718664, 41.9662886]]}}, {"type": "Feature", "properties": {"route_id": "Brn", "route_long_name": "Brown Line", "route_color": "#62361B", "route_text_color": "#FFFFFF", "shape_id": "309000017"}, "geometry": {"type": "LineString", "coordinates": [[-87.68718664, 41.9662886], [-87.68545955, 41.96631698]]}}, {"type": "Feature", "properties": {"route_id": "Brn", "route_long_name": "Brown Line", "route_color": "#62361B", "route_text_color": "#FFFFFF", "shape_id": "309000017"}, "geometry": {"type": "LineString", "coordinates": [[-87.68545955, 41.96631698], [-87.68399113, 41.9663325]]}}, {"type": "Feature", "properties": {"route_id": "Brn", "route_long_name": "Brown Line", "route_color": "#62361B", "route_text_color": "#FFFFFF", "shape_id": "309000017"}, "geometry": {"type": "LineString", "coordinates": [[-87.68399113, 41.9663325], [-87.68272047, 41.96636104]]}}, {"type": "Feature", "properties": {"route_id": "Brn", "route_long_name": "Brown Line", "route_color": "#62361B", "route_text_color": "#FFFFFF", "shape_id": "309000017"}, "geometry": {"type": "LineString", "coordinates": [[-87.68272047, 41.96636104], [-87.68160001, 41.96637136]]}}, {"type": "Feature", "properties": {"route_id": "Brn", "route_long_name": "Brown Line", "route_color": "#62361B", "route_text_color": "#FFFFFF", "shape_id": "309000017"}, "geometry": {"type": "LineString", "coordinates": [[-87.68160001, 41.96637136], [-87.68034541, 41.96639043]]}}, {"type": "Feature", "properties": {"route_id": "Brn", "route_long_name": "Brown Line", "route_color": "#62361B", "route_text_color": "#FFFFFF", "shape_id": "309000017"}, "geometry": {"type": "LineString", "coordinates": [[-87.68034541, 41.96639043], [-87.67864066, 41.96641884]]}}, {"type": "Feature", "properties": {"route_id": "Brn", "route_long_name": "Brown Line", "route_color": "#62361B", "route_text_color": "#FFFFFF", "shape_id": "309000017"}, "geometry": {"type": "LineString", "coordinates": [[-87.67864066, 41.96641884], [-87.67767021, 41.96642998]]}}, {"type": "Feature", "properties": {"route_id": "Brn", "route_long_name": "Brown Line", "route_color": "#62361B", "route_text_color": "#FFFFFF", "shape_id": "309000017"}, "geometry": {"type": "LineString", "coordinates": [[-87.67767021, 41.96642998], [-87.67741495, 41.96642137]]}}, {"type": "Feature", "properties": {"route_id": "Brn", "route_long_name": "Brown Line", "route_color": "#62361B", "route_text_color": "#FFFFFF", "shape_id": "309000017"}, "geometry": {"type": "LineString", "coordinates": [[-87.67741495, 41.96642137], [-87.67722674, 41.96641077]]}}, {"type": "Feature", "properties": {"route_id": "Brn", "route_long_name": "Brown Line", "route_color": "#62361B", "route_text_color": "#FFFFFF", "shape_id": "309000017"}, "geometry": {"type": "LineString", "coordinates": [[-87.67722674, 41.96641077], [-87.67696045, 41.96638781]]}}, {"type": "Feature", "properties": {"route_id": "Brn", "route_long_name": "Brown Line", "route_color": "#62361B", "route_text_color": "#FFFFFF", "shape_id": "309000017"}, "geometry": {"type": "LineString", "coordinates": [[-87.67696045, 41.96638781], [-87.67665464, 41.96632889]]}}, {"type": "Feature", "properties": {"route_id": "Brn", "route_long_name": "Brown Line", "route_color": "#62361B", "route_text_color": "#FFFFFF", "shape_id": "309000017"}, "geometry": {"type": "LineString", "coordinates": [[-87.67665464, 41.96632889], [-87.67638744, 41.96623922]]}}, {"type": "Feature", "properties": {"route_id": "Brn", "route_long_name": "Brown Line", "route_color": "#62361B", "route_text_color": "#FFFFFF", "shape_id": "309000017"}, "geometry": {"type": "LineString", "coordinates": [[-87.67638744, 41.96623922], [-87.67613328, 41.96612342]]}}, {"type": "Feature", "properties": {"route_id": "Brn", "route_long_name": "Brown Line", "route_color": "#62361B", "route_text_color": "#FFFFFF", "shape_id": "309000017"}, "geometry": {"type": "LineString", "coordinates": [[-87.67613328, 41.96612342], [-87.67589547, 41.9659696]]}}, {"type": "Feature", "properties": {"route_id": "Brn", "route_long_name": "Brown Line", "route_color": "#62361B", "route_text_color": "#FFFFFF", "shape_id": "309000017"}, "geometry": {"type": "LineString", "coordinates": [[-87.67589547, 41.9659696], [-87.67570254, 41.96579699]]}}, {"type": "Feature", "properties": {"route_id": "Brn", "route_long_name": "Brown Line", "route_color": "#62361B", "route_text_color": "#FFFFFF", "shape_id": "309000017"}, "geometry": {"type": "LineString", "coordinates": [[-87.67570254, 41.96579699], [-87.67557954, 41.96565336]]}}, {"type": "Feature", "properties": {"route_id": "Brn", "route_long_name": "Brown Line", "route_color": "#62361B", "route_text_color": "#FFFFFF", "shape_id": "309000017"}, "geometry": {"type": "LineString", "coordinates": [[-87.67557954, 41.96565336], [-87.67545047, 41.96547872]]}}, {"type": "Feature", "properties": {"route_id": "Brn", "route_long_name": "Brown Line", "route_color": "#62361B", "route_text_color": "#FFFFFF", "shape_id": "309000017"}, "geometry": {"type": "LineString", "coordinates": [[-87.67545047, 41.96547872], [-87.67539679, 41.96537019]]}}, {"type": "Feature", "properties": {"route_id": "Brn", "route_long_name": "Brown Line", "route_color": "#62361B", "route_text_color": "#FFFFFF", "shape_id": "309000017"}, "geometry": {"type": "LineString", "coordinates": [[-87.67539679, 41.96537019], [-87.67530974, 41.96519682]]}}, {"type": "Feature", "properties": {"route_id": "Brn", "route_long_name": "Brown Line", "route_color": "#62361B", "route_text_color": "#FFFFFF", "shape_id": "309000017"}, "geometry": {"type": "LineString", "coordinates": [[-87.67530974, 41.96519682], [-87.6752475, 41.96504163]]}}, {"type": "Feature", "properties": {"route_id": "Brn", "route_long_name": "Brown Line", "route_color": "#62361B", "route_text_color": "#FFFFFF", "shape_id": "309000017"}, "geometry": {"type": "LineString", "coordinates": [[-87.6752475, 41.96504163], [-87.67523441, 41.96491768]]}}, {"type": "Feature", "properties": {"route_id": "Brn", "route_long_name": "Brown Line", "route_color": "#62361B", "route_text_color": "#FFFFFF", "shape_id": "309000017"}, "geometry": {"type": "LineString", "coordinates": [[-87.67523441, 41.96491768], [-87.67522309, 41.96477707]]}}, {"type": "Feature", "properties": {"route_id": "Brn", "route_long_name": "Brown Line", "route_color": "#62361B", "route_text_color": "#FFFFFF", "shape_id": "309000017"}, "geometry": {"type": "LineString", "coordinates": [[-87.67522309, 41.96477707], [-87.67521973, 41.96457653]]}}, {"type": "Feature", "properties": {"route_id": "Brn", "route_long_name": "Brown Line", "route_color": "#62361B", "route_text_color": "#FFFFFF", "shape_id": "309000017"}, "geometry": {"type": "LineString", "coordinates": [[-87.67521973, 41.96457653], [-87.67521062, 41.96434357]]}}, {"type": "Feature", "properties": {"route_id": "Brn", "route_long_name": "Brown Line", "route_color": "#62361B", "route_text_color": "#FFFFFF", "shape_id": "309000017"}, "geometry": {"type": "LineString", "coordinates": [[-87.67521062, 41.96434357], [-87.67519568, 41.96371925]]}}, {"type": "Feature", "properties": {"route_id": "Brn", "route_long_name": "Brown Line", "route_color": "#62361B", "route_text_color": "#FFFFFF", "shape_id": "309000017"}, "geometry": {"type": "LineString", "coordinates": [[-87.67519568, 41.96371925], [-87.67517116, 41.96175958]]}}, {"type": "Feature", "properties": {"route_id": "Brn", "route_long_name": "Brown Line", "route_color": "#62361B", "route_text_color": "#FFFFFF", "shape_id": "309000017"}, "geometry": {"type": "LineString", "coordinates": [[-87.67517116, 41.96175958], [-87.67513657, 41.96077937]]}}, {"type": "Feature", "properties": {"route_id": "Brn", "route_long_name": "Brown Line", "route_color": "#62361B", "route_text_color": "#FFFFFF", "shape_id": "309000017"}, "geometry": {"type": "LineString", "coordinates": [[-87.67513657, 41.96077937], [-87.67505992, 41.9579928]]}}, {"type": "Feature", "properties": {"route_id": "Brn", "route_long_name": "Brown Line", "route_color": "#62361B", "route_text_color": "#FFFFFF", "shape_id": "309000017"}, "geometry": {"type": "LineString", "coordinates": [[-87.67505992, 41.9579928], [-87.67501295, 41.95666569]]}}, {"type": "Feature", "properties": {"route_id": "Brn", "route_long_name": "Brown Line", "route_color": "#62361B", "route_text_color": "#FFFFFF", "shape_id": "309000017"}, "geometry": {"type": "LineString", "coordinates": [[-87.67501295, 41.95666569], [-87.6749776, 41.95513854]]}}, {"type": "Feature", "properties": {"route_id": "Brn", "route_long_name": "Brown Line", "route_color": "#62361B", "route_text_color": "#FFFFFF", "shape_id": "309000017"}, "geometry": {"type": "LineString", "coordinates": [[-87.6749776, 41.95513854], [-87.67496151, 41.954531]]}}, {"type": "Feature", "properties": {"route_id": "Brn", "route_long_name": "Brown Line", "route_color": "#62361B", "route_text_color": "#FFFFFF", "shape_id": "309000017"}, "geometry": {"type": "LineString", "coordinates": [[-87.67496151, 41.954531], [-87.67491344, 41.95393043]]}}, {"type": "Feature", "properties": {"route_id": "Brn", "route_long_name": "Brown Line", "route_color": "#62361B", "route_text_color": "#FFFFFF", "shape_id": "309000017"}, "geometry": {"type": "LineString", "coordinates": [[-87.67491344, 41.95393043], [-87.67487165, 41.9530307]]}}, {"type": "Feature", "properties": {"route_id": "Brn", "route_long_name": "Brown Line", "route_color": "#62361B", "route_text_color": "#FFFFFF", "shape_id": "309000017"}, "geometry": {"type": "LineString", "coordinates": [[-87.67487165, 41.9530307], [-87.67485962, 41.95202919]]}}, {"type": "Feature", "properties": {"route_id": "Brn", "route_long_name": "Brown Line", "route_color": "#62361B", "route_text_color": "#FFFFFF", "shape_id": "309000017"}, "geometry": {"type": "LineString", "coordinates": [[-87.67485962, 41.95202919], [-87.67484127, 41.95102144]]}}, {"type": "Feature", "properties": {"route_id": "Brn", "route_long_name": "Brown Line", "route_color": "#62361B", "route_text_color": "#FFFFFF", "shape_id": "309000017"}, "geometry": {"type": "LineString", "coordinates": [[-87.67484127, 41.95102144], [-87.67479851, 41.94959525]]}}, {"type": "Feature", "properties": {"route_id": "Brn", "route_long_name": "Brown Line", "route_color": "#62361B", "route_text_color": "#FFFFFF", "shape_id": "309000017"}, "geometry": {"type": "LineString", "coordinates": [[-87.67479851, 41.94959525], [-87.67477047, 41.94859936]]}}, {"type": "Feature", "properties": {"route_id": "Brn", "route_long_name": "Brown Line", "route_color": "#62361B", "route_text_color": "#FFFFFF", "shape_id": "309000017"}, "geometry": {"type": "LineString", "coordinates": [[-87.67477047, 41.94859936], [-87.67474188, 41.94703652]]}}, {"type": "Feature", "properties": {"route_id": "Brn", "route_long_name": "Brown Line", "route_color": "#62361B", "route_text_color": "#FFFFFF", "shape_id": "309000017"}, "geometry": {"type": "LineString", "coordinates": [[-87.67474188, 41.94703652], [-87.67468903, 41.94597045]]}}, {"type": "Feature", "properties": {"route_id": "Brn", "route_long_name": "Brown Line", "route_color": "#62361B", "route_text_color": "#FFFFFF", "shape_id": "309000017"}, "geometry": {"type": "LineString", "coordinates": [[-87.67468903, 41.94597045], [-87.67466568, 41.94513895]]}}, {"type": "Feature", "properties": {"route_id": "Brn", "route_long_name": "Brown Line", "route_color": "#62361B", "route_text_color": "#FFFFFF", "shape_id": "309000017"}, "geometry": {"type": "LineString", "coordinates": [[-87.67466568, 41.94513895], [-87.67463574, 41.94494821]]}}, {"type": "Feature", "properties": {"route_id": "Brn", "route_long_name": "Brown Line", "route_color": "#62361B", "route_text_color": "#FFFFFF", "shape_id": "309000017"}, "geometry": {"type": "LineString", "coordinates": [[-87.67463574, 41.94494821], [-87.6745772, 41.94474539]]}}, {"type": "Feature", "properties": {"route_id": "Brn", "route_long_name": "Brown Line", "route_color": "#62361B", "route_text_color": "#FFFFFF", "shape_id": "309000017"}, "geometry": {"type": "LineString", "coordinates": [[-87.6745772, 41.94474539], [-87.67450573, 41.94455918]]}}, {"type": "Feature", "properties": {"route_id": "Brn", "route_long_name": "Brown Line", "route_color": "#62361B", "route_text_color": "#FFFFFF", "shape_id": "309000017"}, "geometry": {"type": "LineString", "coordinates": [[-87.67450573, 41.94455918], [-87.67442452, 41.94438958]]}}, {"type": "Feature", "properties": {"route_id": "Brn", "route_long_name": "Brown Line", "route_color": "#62361B", "route_text_color": "#FFFFFF", "shape_id": "309000017"}, "geometry": {"type": "LineString", "coordinates": [[-87.67442452, 41.94438958], [-87.67430477, 41.94424406]]}}, {"type": "Feature", "properties": {"route_id": "Brn", "route_long_name": "Brown Line", "route_color": "#62361B", "route_text_color": "#FFFFFF", "shape_id": "309000017"}, "geometry": {"type": "LineString", "coordinates": [[-87.67430477, 41.94424406], [-87.67420043, 41.94415056]]}}, {"type": "Feature", "properties": {"route_id": "Brn", "route_long_name": "Brown Line", "route_color": "#62361B", "route_text_color": "#FFFFFF", "shape_id": "309000017"}, "geometry": {"type": "LineString", "coordinates": [[-87.67420043, 41.94415056], [-87.6740547, 41.94404967]]}}, {"type": "Feature", "properties": {"route_id": "Brn", "route_long_name": "Brown Line", "route_color": "#62361B", "route_text_color": "#FFFFFF", "shape_id": "309000017"}, "geometry": {"type": "LineString", "coordinates": [[-87.6740547, 41.94404967], [-87.67386437, 41.94394138]]}}, {"type": "Feature", "properties": {"route_id": "Brn", "route_long_name": "Brown Line", "route_color": "#62361B", "route_text_color": "#FFFFFF", "shape_id": "309000017"}, "geometry": {"type": "LineString", "coordinates": [[-87.67386437, 41.94394138], [-87.67367684, 41.94387122]]}}, {"type": "Feature", "properties": {"route_id": "Brn", "route_long_name": "Brown Line", "route_color": "#62361B", "route_text_color": "#FFFFFF", "shape_id": "309000017"}, "geometry": {"type": "LineString", "coordinates": [[-87.67367684, 41.94387122], [-87.67348285, 41.94380817]]}}, {"type": "Feature", "properties": {"route_id": "Brn", "route_long_name": "Brown Line", "route_color": "#62361B", "route_text_color": "#FFFFFF", "shape_id": "309000017"}, "geometry": {"type": "LineString", "coordinates": [[-87.67348285, 41.94380817], [-87.67334602, 41.94377165]]}}, {"type": "Feature", "properties": {"route_id": "Brn", "route_long_name": "Brown Line", "route_color": "#62361B", "route_text_color": "#FFFFFF", "shape_id": "309000017"}, "geometry": {"type": "LineString", "coordinates": [[-87.67334602, 41.94377165], [-87.67311348, 41.94373459]]}}, {"type": "Feature", "properties": {"route_id": "Brn", "route_long_name": "Brown Line", "route_color": "#62361B", "route_text_color": "#FFFFFF", "shape_id": "309000017"}, "geometry": {"type": "LineString", "coordinates": [[-87.67311348, 41.94373459], [-87.67289996, 41.94370954]]}}, {"type": "Feature", "properties": {"route_id": "Brn", "route_long_name": "Brown Line", "route_color": "#62361B", "route_text_color": "#FFFFFF", "shape_id": "309000017"}, "geometry": {"type": "LineString", "coordinates": [[-87.67289996, 41.94370954], [-87.67263529, 41.94369372]]}}, {"type": "Feature", "properties": {"route_id": "Brn", "route_long_name": "Brown Line", "route_color": "#62361B", "route_text_color": "#FFFFFF", "shape_id": "309000017"}, "geometry": {"type": "LineString", "coordinates": [[-87.67263529, 41.94369372], [-87.67234493, 41.94369443]]}}, {"type": "Feature", "properties": {"route_id": "Brn", "route_long_name": "Brown Line", "route_color": "#62361B", "route_text_color": "#FFFFFF", "shape_id": "309000017"}, "geometry": {"type": "LineString", "coordinates": [[-87.67234493, 41.94369443], [-87.67150596, 41.94370984]]}}, {"type": "Feature", "properties": {"route_id": "Brn", "route_long_name": "Brown Line", "route_color": "#62361B", "route_text_color": "#FFFFFF", "shape_id": "309000017"}, "geometry": {"type": "LineString", "coordinates": [[-87.67150596, 41.94370984], [-87.67088971, 41.94371701]]}}, {"type": "Feature", "properties": {"route_id": "Brn", "route_long_name": "Brown Line", "route_color": "#62361B", "route_text_color": "#FFFFFF", "shape_id": "309000017"}, "geometry": {"type": "LineString", "coordinates": [[-87.67088971, 41.94371701], [-87.66938988, 41.94373455]]}}, {"type": "Feature", "properties": {"route_id": "Brn", "route_long_name": "Brown Line", "route_color": "#62361B", "route_text_color": "#FFFFFF", "shape_id": "309000017"}, "geometry": {"type": "LineString", "coordinates": [[-87.66938988, 41.94373455], [-87.66749255, 41.94377597]]}}, {"type": "Feature", "properties": {"route_id": "Brn", "route_long_name": "Brown Line", "route_color": "#62361B", "route_text_color": "#FFFFFF", "shape_id": "309000017"}, "geometry": {"type": "LineString", "coordinates": [[-87.66749255, 41.94377597], [-87.66585235, 41.94379027]]}}, {"type": "Feature", "properties": {"route_id": "Brn", "route_long_name": "Brown Line", "route_color": "#62361B", "route_text_color": "#FFFFFF", "shape_id": "309000017"}, "geometry": {"type": "LineString", "coordinates": [[-87.66585235, 41.94379027], [-87.6650865, 41.94379772]]}}, {"type": "Feature", "properties": {"route_id": "Brn", "route_long_name": "Brown Line", "route_color": "#62361B", "route_text_color": "#FFFFFF", "shape_id": "309000017"}, "geometry": {"type": "LineString", "coordinates": [[-87.6650865, 41.94379772], [-87.66361533, 41.94382012]]}}, {"type": "Feature", "properties": {"route_id": "Brn", "route_long_name": "Brown Line", "route_color": "#62361B", "route_text_color": "#FFFFFF", "shape_id": "309000017"}, "geometry": {"type": "LineString", "coordinates": [[-87.66361533, 41.94382012], [-87.65910101, 41.94391519]]}}, {"type": "Feature", "properties": {"route_id": "Brn", "route_long_name": "Brown Line", "route_color": "#62361B", "route_text_color": "#FFFFFF", "shape_id": "309000017"}, "geometry": {"type": "LineString", "coordinates": [[-87.65910101, 41.94391519], [-87.65767151, 41.94391869]]}}, {"type": "Feature", "properties": {"route_id": "Brn", "route_long_name": "Brown Line", "route_color": "#62361B", "route_text_color": "#FFFFFF", "shape_id": "309000017"}, "geometry": {"type": "LineString", "coordinates": [[-87.65767151, 41.94391869], [-87.65608867, 41.94394034]]}}, {"type": "Feature", "properties": {"route_id": "Brn", "route_long_name": "Brown Line", "route_color": "#62361B", "route_text_color": "#FFFFFF", "shape_id": "309000017"}, "geometry": {"type": "LineString", "coordinates": [[-87.65608867, 41.94394034], [-87.65550148, 41.94394878]]}}, {"type": "Feature", "properties": {"route_id": "Brn", "route_long_name": "Brown Line", "route_color": "#62361B", "route_text_color": "#FFFFFF", "shape_id": "309000017"}, "geometry": {"type": "LineString", "coordinates": [[-87.65550148, 41.94394878], [-87.65522069, 41.94394951]]}}, {"type": "Feature", "properties": {"route_id": "Brn", "route_long_name": "Brown Line", "route_color": "#62361B", "route_text_color": "#FFFFFF", "shape_id": "309000017"}, "geometry": {"type": "LineString", "coordinates": [[-87.65522069, 41.94394951], [-87.65503576, 41.9439365]]}}, {"type": "Feature", "properties": {"route_id": "Brn", "route_long_name": "Brown Line", "route_color": "#62361B", "route_text_color": "#FFFFFF", "shape_id": "309000017"}, "geometry": {"type": "LineString", "coordinates": [[-87.65503576, 41.9439365], [-87.65488606, 41.9439118]]}}, {"type": "Feature", "properties": {"route_id": "Brn", "route_long_name": "Brown Line", "route_color": "#62361B", "route_text_color": "#FFFFFF", "shape_id": "309000017"}, "geometry": {"type": "LineString", "coordinates": [[-87.65488606, 41.9439118], [-87.65470465, 41.94386785]]}}, {"type": "Feature", "properties": {"route_id": "Brn", "route_long_name": "Brown Line", "route_color": "#62361B", "route_text_color": "#FFFFFF", "shape_id": "309000017"}, "geometry": {"type": "LineString", "coordinates": [[-87.65470465, 41.94386785], [-87.65454892, 41.94380975]]}}, {"type": "Feature", "properties": {"route_id": "Brn", "route_long_name": "Brown Line", "route_color": "#62361B", "route_text_color": "#FFFFFF", "shape_id": "309000017"}, "geometry": {"type": "LineString", "coordinates": [[-87.65454892, 41.94380975], [-87.65441869, 41.9437542]]}}, {"type": "Feature", "properties": {"route_id": "Brn", "route_long_name": "Brown Line", "route_color": "#62361B", "route_text_color": "#FFFFFF", "shape_id": "309000017"}, "geometry": {"type": "LineString", "coordinates": [[-87.65441869, 41.9437542], [-87.65425389, 41.94364841]]}}, {"type": "Feature", "properties": {"route_id": "Brn", "route_long_name": "Brown Line", "route_color": "#62361B", "route_text_color": "#FFFFFF", "shape_id": "309000017"}, "geometry": {"type": "LineString", "coordinates": [[-87.65425389, 41.94364841], [-87.65410528, 41.94352128]]}}, {"type": "Feature", "properties": {"route_id": "Brn", "route_long_name": "Brown Line", "route_color": "#62361B", "route_text_color": "#FFFFFF", "shape_id": "309000017"}, "geometry": {"type": "LineString", "coordinates": [[-87.65410528, 41.94352128], [-87.65401055, 41.94342781]]}}, {"type": "Feature", "properties": {"route_id": "Brn", "route_long_name": "Brown Line", "route_color": "#62361B", "route_text_color": "#FFFFFF", "shape_id": "309000017"}, "geometry": {"type": "LineString", "coordinates": [[-87.65401055, 41.94342781], [-87.65392237, 41.94331771]]}}, {"type": "Feature", "properties": {"route_id": "Brn", "route_long_name": "Brown Line", "route_color": "#62361B", "route_text_color": "#FFFFFF", "shape_id": "309000017"}, "geometry": {"type": "LineString", "coordinates": [[-87.65392237, 41.94331771], [-87.65382797, 41.94319328]]}}, {"type": "Feature", "properties": {"route_id": "Brn", "route_long_name": "Brown Line", "route_color": "#62361B", "route_text_color": "#FFFFFF", "shape_id": "309000017"}, "geometry": {"type": "LineString", "coordinates": [[-87.65382797, 41.94319328], [-87.65375269, 41.94307135]]}}, {"type": "Feature", "properties": {"route_id": "Brn", "route_long_name": "Brown Line", "route_color": "#62361B", "route_text_color": "#FFFFFF", "shape_id": "309000017"}, "geometry": {"type": "LineString", "coordinates": [[-87.65375269, 41.94307135], [-87.65367126, 41.94292794]]}}, {"type": "Feature", "properties": {"route_id": "Brn", "route_long_name": "Brown Line", "route_color": "#62361B", "route_text_color": "#FFFFFF", "shape_id": "309000017"}, "geometry": {"type": "LineString", "coordinates": [[-87.65367126, 41.94292794], [-87.65361347, 41.94281087]]}}, {"type": "Feature", "properties": {"route_id": "Brn", "route_long_name": "Brown Line", "route_color": "#62361B", "route_text_color": "#FFFFFF", "shape_id": "309000017"}, "geometry": {"type": "LineString", "coordinates": [[-87.65361347, 41.94281087], [-87.65356047, 41.94269383]]}}, {"type": "Feature", "properties": {"route_id": "Brn", "route_long_name": "Brown Line", "route_color": "#62361B", "route_text_color": "#FFFFFF", "shape_id": "309000017"}, "geometry": {"type": "LineString", "coordinates": [[-87.65356047, 41.94269383], [-87.65351702, 41.94257923]]}}, {"type": "Feature", "properties": {"route_id": "Brn", "route_long_name": "Brown Line", "route_color": "#62361B", "route_text_color": "#FFFFFF", "shape_id": "309000017"}, "geometry": {"type": "LineString", "coordinates": [[-87.65351702, 41.94257923], [-87.65348073, 41.94239083]]}}, {"type": "Feature", "properties": {"route_id": "Brn", "route_long_name": "Brown Line", "route_color": "#62361B", "route_text_color": "#FFFFFF", "shape_id": "309000017"}, "geometry": {"type": "LineString", "coordinates": [[-87.65348073, 41.94239083], [-87.65345968, 41.94218468]]}}, {"type": "Feature", "properties": {"route_id": "Brn", "route_long_name": "Brown Line", "route_color": "#62361B", "route_text_color": "#FFFFFF", "shape_id": "309000017"}, "geometry": {"type": "LineString", "coordinates": [[-87.65345968, 41.94218468], [-87.65338625, 41.93975861]]}}, {"type": "Feature", "properties": {"route_id": "Brn", "route_long_name": "Brown Line", "route_color": "#62361B", "route_text_color": "#FFFFFF", "shape_id": "309000017"}, "geometry": {"type": "LineString", "coordinates": [[-87.65338625, 41.93975861], [-87.65338068, 41.93939549]]}}, {"type": "Feature", "properties": {"route_id": "Brn", "route_long_name": "Brown Line", "route_color": "#62361B", "route_text_color": "#FFFFFF", "shape_id": "309000017"}, "geometry": {"type": "LineString", "coordinates": [[-87.65338068, 41.93939549], [-87.65337365, 41.93893662]]}}, {"type": "Feature", "properties": {"route_id": "Brn", "route_long_name": "Brown Line", "route_color": "#62361B", "route_text_color": "#FFFFFF", "shape_id": "309000017"}, "geometry": {"type": "LineString", "coordinates": [[-87.65337365, 41.93893662], [-87.65336938, 41.93865814]]}}, {"type": "Feature", "properties": {"route_id": "Brn", "route_long_name": "Brown Line", "route_color": "#62361B", "route_text_color": "#FFFFFF", "shape_id": "309000017"}, "geometry": {"type": "LineString", "coordinates": [[-87.65336938, 41.93865814], [-87.65333158, 41.93764005]]}}, {"type": "Feature", "properties": {"route_id": "Brn", "route_long_name": "Brown Line", "route_color": "#62361B", "route_text_color": "#FFFFFF", "shape_id": "309000017"}, "geometry": {"type": "LineString", "coordinates": [[-87.65333158, 41.93764005], [-87.65331441, 41.93717744]]}}, {"type": "Feature", "properties": {"route_id": "Brn", "route_long_name": "Brown Line", "route_color": "#62361B", "route_text_color": "#FFFFFF", "shape_id": "309000017"}, "geometry": {"type": "LineString", "coordinates": [[-87.65331441, 41.93717744], [-87.6532809, 41.93627449]]}}, {"type": "Feature", "properties": {"route_id": "Brn", "route_long_name": "Brown Line", "route_color": "#62361B", "route_text_color": "#FFFFFF", "shape_id": "309000017"}, "geometry": {"type": "LineString", "coordinates": [[-87.6532809, 41.93627449], [-87.65327221, 41.93604047]]}}, {"type": "Feature", "properties": {"route_id": "Brn", "route_long_name": "Brown Line", "route_color": "#62361B", "route_text_color": "#FFFFFF", "shape_id": "309000017"}, "geometry": {"type": "LineString", "coordinates": [[-87.65327221, 41.93604047], [-87.65324069, 41.9353278]]}}, {"type": "Feature", "properties": {"route_id": "Brn", "route_long_name": "Brown Line", "route_color": "#62361B", "route_text_color": "#FFFFFF", "shape_id": "309000017"}, "geometry": {"type": "LineString", "coordinates": [[-87.65324069, 41.9353278], [-87.65322253, 41.93491807]]}}, {"type": "Feature", "properties": {"route_id": "Brn", "route_long_name": "Brown Line", "route_color": "#62361B", "route_text_color": "#FFFFFF", "shape_id": "309000017"}, "geometry": {"type": "LineString", "coordinates": [[-87.65322253, 41.93491807], [-87.65320224, 41.93445997]]}}, {"type": "Feature", "properties": {"route_id": "Brn", "route_long_name": "Brown Line", "route_color": "#62361B", "route_text_color": "#FFFFFF", "shape_id": "309000017"}, "geometry": {"type": "LineString", "coordinates": [[-87.65320224, 41.93445997], [-87.65314307, 41.93312462]]}}, {"type": "Feature", "properties": {"route_id": "Brn", "route_long_name": "Brown Line", "route_color": "#62361B", "route_text_color": "#FFFFFF", "shape_id": "309000017"}, "geometry": {"type": "LineString", "coordinates": [[-87.65314307, 41.93312462], [-87.65313662, 41.93273936]]}}, {"type": "Feature", "properties": {"route_id": "Brn", "route_long_name": "Brown Line", "route_color": "#62361B", "route_text_color": "#FFFFFF", "shape_id": "309000017"}, "geometry": {"type": "LineString", "coordinates": [[-87.65313662, 41.93273936], [-87.65310161, 41.93218483]]}}, {"type": "Feature", "properties": {"route_id": "Brn", "route_long_name": "Brown Line", "route_color": "#62361B", "route_text_color": "#FFFFFF", "shape_id": "309000017"}, "geometry": {"type": "LineString", "coordinates": [[-87.65310161, 41.93218483], [-87.65307613, 41.93152254]]}}, {"type": "Feature", "properties": {"route_id": "Brn", "route_long_name": "Brown Line", "route_color": "#62361B", "route_text_color": "#FFFFFF", "shape_id": "309000017"}, "geometry": {"type": "LineString", "coordinates": [[-87.65307613, 41.93152254], [-87.65305256, 41.9309096]]}}, {"type": "Feature", "properties": {"route_id": "Brn", "route_long_name": "Brown Line", "route_color": "#62361B", "route_text_color": "#FFFFFF", "shape_id": "309000017"}, "geometry": {"type": "LineString", "coordinates": [[-87.65305256, 41.9309096], [-87.65302948, 41.93030959]]}}, {"type": "Feature", "properties": {"route_id": "Brn", "route_long_name": "Brown Line", "route_color": "#62361B", "route_text_color": "#FFFFFF", "shape_id": "309000017"}, "geometry": {"type": "LineString", "coordinates": [[-87.65302948, 41.93030959], [-87.65299894, 41.92951536]]}}, {"type": "Feature", "properties": {"route_id": "Brn", "route_long_name": "Brown Line", "route_color": "#62361B", "route_text_color": "#FFFFFF", "shape_id": "309000017"}, "geometry": {"type": "LineString", "coordinates": [[-87.65299894, 41.92951536], [-87.65296799, 41.92871064]]}}, {"type": "Feature", "properties": {"route_id": "Brn", "route_long_name": "Brown Line", "route_color": "#62361B", "route_text_color": "#FFFFFF", "shape_id": "309000017"}, "geometry": {"type": "LineString", "coordinates": [[-87.65296799, 41.92871064], [-87.65296055, 41.92842599]]}}, {"type": "Feature", "properties": {"route_id": "Brn", "route_long_name": "Brown Line", "route_color": "#62361B", "route_text_color": "#FFFFFF", "shape_id": "309000017"}, "geometry": {"type": "LineString", "coordinates": [[-87.65296055, 41.92842599], [-87.6529412, 41.92768595]]}}, {"type": "Feature", "properties": {"route_id": "Brn", "route_long_name": "Brown Line", "route_color": "#62361B", "route_text_color": "#FFFFFF", "shape_id": "309000017"}, "geometry": {"type": "LineString", "coordinates": [[-87.6529412, 41.92768595], [-87.65292736, 41.92715665]]}}, {"type": "Feature", "properties": {"route_id": "Brn", "route_long_name": "Brown Line", "route_color": "#62361B", "route_text_color": "#FFFFFF", "shape_id": "309000017"}, "geometry": {"type": "LineString", "coordinates": [[-87.65292736, 41.92715665], [-87.65289711, 41.92599911]]}}, {"type": "Feature", "properties": {"route_id": "Brn", "route_long_name": "Brown Line", "route_color": "#62361B", "route_text_color": "#FFFFFF", "shape_id": "309000017"}, "geometry": {"type": "LineString", "coordinates": [[-87.65289711, 41.92599911], [-87.65288083, 41.92537635]]}}, {"type": "Feature", "properties": {"route_id": "Brn", "route_long_name": "Brown Line", "route_color": "#62361B", "route_text_color": "#FFFFFF", "shape_id": "309000017"}, "geometry": {"type": "LineString", "coordinates": [[-87.65288083, 41.92537635], [-87.6528716, 41.92505923]]}}, {"type": "Feature", "properties": {"route_id": "Brn", "route_long_name": "Brown Line", "route_color": "#62361B", "route_text_color": "#FFFFFF", "shape_id": "309000017"}, "geometry": {"type": "LineString", "coordinates": [[-87.6528716, 41.92505923], [-87.65282296, 41.92353018]]}}, {"type": "Feature", "properties": {"route_id": "Brn", "route_long_name": "Brown Line", "route_color": "#62361B", "route_text_color": "#FFFFFF", "shape_id": "309000017"}, "geometry": {"type": "LineString", "coordinates": [[-87.65282296, 41.92353018], [-87.65276564, 41.92172606]]}}, {"type": "Feature", "properties": {"route_id": "Brn", "route_long_name": "Brown Line", "route_color": "#62361B", "route_text_color": "#FFFFFF", "shape_id": "309000017"}, "geometry": {"type": "LineString", "coordinates": [[-87.65276564, 41.92172606], [-87.6527469, 41.92113642]]}}, {"type": "Feature", "properties": {"route_id": "Brn", "route_long_name": "Brown Line", "route_color": "#62361B", "route_text_color": "#FFFFFF", "shape_id": "309000017"}, "geometry": {"type": "LineString", "coordinates": [[-87.6527469, 41.92113642], [-87.65265007, 41.91822443]]}}, {"type": "Feature", "properties": {"route_id": "Brn", "route_long_name": "Brown Line", "route_color": "#62361B", "route_text_color": "#FFFFFF", "shape_id": "309000017"}, "geometry": {"type": "LineString", "coordinates": [[-87.65265007, 41.91822443], [-87.65264558, 41.91808958]]}}, {"type": "Feature", "properties": {"route_id": "Brn", "route_long_name": "Brown Line", "route_color": "#62361B", "route_text_color": "#FFFFFF", "shape_id": "309000017"}, "geometry": {"type": "LineString", "coordinates": [[-87.65264558, 41.91808958], [-87.65263065, 41.91764042]]}}, {"type": "Feature", "properties": {"route_id": "Brn", "route_long_name": "Brown Line", "route_color": "#62361B", "route_text_color": "#FFFFFF", "shape_id": "309000017"}, "geometry": {"type": "LineString", "coordinates": [[-87.65263065, 41.91764042], [-87.65261557, 41.91718721]]}}, {"type": "Feature", "properties": {"route_id": "Brn", "route_long_name": "Brown Line", "route_color": "#62361B", "route_text_color": "#FFFFFF", "shape_id": "309000017"}, "geometry": {"type": "LineString", "coordinates": [[-87.65261557, 41.91718721], [-87.65255411, 41.91563365]]}}, {"type": "Feature", "properties": {"route_id": "Brn", "route_long_name": "Brown Line", "route_color": "#62361B", "route_text_color": "#FFFFFF", "shape_id": "309000017"}, "geometry": {"type": "LineString", "coordinates": [[-87.65255411, 41.91563365], [-87.65250619, 41.91406733]]}}, {"type": "Feature", "properties": {"route_id": "Brn", "route_long_name": "Brown Line", "route_color": "#62361B", "route_text_color": "#FFFFFF", "shape_id": "309000017"}, "geometry": {"type": "LineString", "coordinates": [[-87.65250619, 41.91406733], [-87.65242762, 41.91377308]]}}, {"type": "Feature", "properties": {"route_id": "Brn", "route_long_name": "Brown Line", "route_color": "#62361B", "route_text_color": "#FFFFFF", "shape_id": "309000017"}, "geometry": {"type": "LineString", "coordinates": [[-87.65242762, 41.91377308], [-87.6523498, 41.91362647]]}}, {"type": "Feature", "properties": {"route_id": "Brn", "route_long_name": "Brown Line", "route_color": "#62361B", "route_text_color": "#FFFFFF", "shape_id": "309000017"}, "geometry": {"type": "LineString", "coordinates": [[-87.6523498, 41.91362647], [-87.65223417, 41.91351494]]}}, {"type": "Feature", "properties": {"route_id": "Brn", "route_long_name": "Brown Line", "route_color": "#62361B", "route_text_color": "#FFFFFF", "shape_id": "309000017"}, "geometry": {"type": "LineString", "coordinates": [[-87.65223417, 41.91351494], [-87.65208388, 41.91339614]]}}, {"type": "Feature", "properties": {"route_id": "Brn", "route_long_name": "Brown Line", "route_color": "#62361B", "route_text_color": "#FFFFFF", "shape_id": "309000017"}, "geometry": {"type": "LineString", "coordinates": [[-87.65208388, 41.91339614], [-87.65183313, 41.91322486]]}}, {"type": "Feature", "properties": {"route_id": "Brn", "route_long_name": "Brown Line", "route_color": "#62361B", "route_text_color": "#FFFFFF", "shape_id": "309000017"}, "geometry": {"type": "LineString", "coordinates": [[-87.65183313, 41.91322486], [-87.65093199, 41.91260872]]}}, {"type": "Feature", "properties": {"route_id": "Brn", "route_long_name": "Brown Line", "route_color": "#62361B", "route_text_color": "#FFFFFF", "shape_id": "309000017"}, "geometry": {"type": "LineString", "coordinates": [[-87.65093199, 41.91260872], [-87.65017403, 41.91203824]]}}, {"type": "Feature", "properties": {"route_id": "Brn", "route_long_name": "Brown Line", "route_color": "#62361B", "route_text_color": "#FFFFFF", "shape_id": "309000017"}, "geometry": {"type": "LineString", "coordinates": [[-87.65017403, 41.91203824], [-87.64985449, 41.91180523]]}}, {"type": "Feature", "properties": {"route_id": "Brn", "route_long_name": "Brown Line", "route_color": "#62361B", "route_text_color": "#FFFFFF", "shape_id": "309000017"}, "geometry": {"type": "LineString", "coordinates": [[-87.64985449, 41.91180523], [-87.64971962, 41.91172188]]}}, {"type": "Feature", "properties": {"route_id": "Brn", "route_long_name": "Brown Line", "route_color": "#62361B", "route_text_color": "#FFFFFF", "shape_id": "309000017"}, "geometry": {"type": "LineString", "coordinates": [[-87.64971962, 41.91172188], [-87.64957197, 41.91165262]]}}, {"type": "Feature", "properties": {"route_id": "Brn", "route_long_name": "Brown Line", "route_color": "#62361B", "route_text_color": "#FFFFFF", "shape_id": "309000017"}, "geometry": {"type": "LineString", "coordinates": [[-87.64957197, 41.91165262], [-87.64948719, 41.91160966]]}}, {"type": "Feature", "properties": {"route_id": "Brn", "route_long_name": "Brown Line", "route_color": "#62361B", "route_text_color": "#FFFFFF", "shape_id": "309000017"}, "geometry": {"type": "LineString", "coordinates": [[-87.64948719, 41.91160966], [-87.64939586, 41.9115879]]}}, {"type": "Feature", "properties": {"route_id": "Brn", "route_long_name": "Brown Line", "route_color": "#62361B", "route_text_color": "#FFFFFF", "shape_id": "309000017"}, "geometry": {"type": "LineString", "coordinates": [[-87.64939586, 41.9115879], [-87.64921015, 41.91153491]]}}, {"type": "Feature", "properties": {"route_id": "Brn", "route_long_name": "Brown Line", "route_color": "#62361B", "route_text_color": "#FFFFFF", "shape_id": "309000017"}, "geometry": {"type": "LineString", "coordinates": [[-87.64921015, 41.91153491], [-87.64900523, 41.91150775]]}}, {"type": "Feature", "properties": {"route_id": "Brn", "route_long_name": "Brown Line", "route_color": "#62361B", "route_text_color": "#FFFFFF", "shape_id": "309000017"}, "geometry": {"type": "LineString", "coordinates": [[-87.64900523, 41.91150775], [-87.64883791, 41.91150675]]}}, {"type": "Feature", "properties": {"route_id": "Brn", "route_long_name": "Brown Line", "route_color": "#62361B", "route_text_color": "#FFFFFF", "shape_id": "309000017"}, "geometry": {"type": "LineString", "coordinates": [[-87.64883791, 41.91150675], [-87.64863264, 41.9115126]]}}, {"type": "Feature", "properties": {"route_id": "Brn", "route_long_name": "Brown Line", "route_color": "#62361B", "route_text_color": "#FFFFFF", "shape_id": "309000017"}, "geometry": {"type": "LineString", "coordinates": [[-87.64863264, 41.9115126], [-87.6479222, 41.91152015]]}}, {"type": "Feature", "properties": {"route_id": "Brn", "route_long_name": "Brown Line", "route_color": "#62361B", "route_text_color": "#FFFFFF", "shape_id": "309000017"}, "geometry": {"type": "LineString", "coordinates": [[-87.6479222, 41.91152015], [-87.64781814, 41.91150774]]}}, {"type": "Feature", "properties": {"route_id": "Brn", "route_long_name": "Brown Line", "route_color": "#62361B", "route_text_color": "#FFFFFF", "shape_id": "309000017"}, "geometry": {"type": "LineString", "coordinates": [[-87.64781814, 41.91150774], [-87.64768598, 41.91146686]]}}, {"type": "Feature", "properties": {"route_id": "Brn", "route_long_name": "Brown Line", "route_color": "#62361B", "route_text_color": "#FFFFFF", "shape_id": "309000017"}, "geometry": {"type": "LineString", "coordinates": [[-87.64768598, 41.91146686], [-87.64756364, 41.91139303]]}}, {"type": "Feature", "properties": {"route_id": "Brn", "route_long_name": "Brown Line", "route_color": "#62361B", "route_text_color": "#FFFFFF", "shape_id": "309000017"}, "geometry": {"type": "LineString", "coordinates": [[-87.64756364, 41.91139303], [-87.64745424, 41.91122813]]}}, {"type": "Feature", "properties": {"route_id": "Brn", "route_long_name": "Brown Line", "route_color": "#62361B", "route_text_color": "#FFFFFF", "shape_id": "309000017"}, "geometry": {"type": "LineString", "coordinates": [[-87.64745424, 41.91122813], [-87.64741025, 41.9111326]]}}, {"type": "Feature", "properties": {"route_id": "Brn", "route_long_name": "Brown Line", "route_color": "#62361B", "route_text_color": "#FFFFFF", "shape_id": "309000017"}, "geometry": {"type": "LineString", "coordinates": [[-87.64741025, 41.9111326], [-87.64739645, 41.91102043]]}}, {"type": "Feature", "properties": {"route_id": "Brn", "route_long_name": "Brown Line", "route_color": "#62361B", "route_text_color": "#FFFFFF", "shape_id": "309000017"}, "geometry": {"type": "LineString", "coordinates": [[-87.64739645, 41.91102043], [-87.64738302, 41.91086606]]}}, {"type": "Feature", "properties": {"route_id": "Brn", "route_long_name": "Brown Line", "route_color": "#62361B", "route_text_color": "#FFFFFF", "shape_id": "309000017"}, "geometry": {"type": "LineString", "coordinates": [[-87.64738302, 41.91086606], [-87.64736253, 41.91071501]]}}, {"type": "Feature", "properties": {"route_id": "Brn", "route_long_name": "Brown Line", "route_color": "#62361B", "route_text_color": "#FFFFFF", "shape_id": "309000017"}, "geometry": {"type": "LineString", "coordinates": [[-87.64736253, 41.91071501], [-87.64734144, 41.91062055]]}}, {"type": "Feature", "properties": {"route_id": "Brn", "route_long_name": "Brown Line", "route_color": "#62361B", "route_text_color": "#FFFFFF", "shape_id": "309000017"}, "geometry": {"type": "LineString", "coordinates": [[-87.64734144, 41.91062055], [-87.64728255, 41.9105188]]}}, {"type": "Feature", "properties": {"route_id": "Brn", "route_long_name": "Brown Line", "route_color": "#62361B", "route_text_color": "#FFFFFF", "shape_id": "309000017"}, "geometry": {"type": "LineString", "coordinates": [[-87.64728255, 41.9105188], [-87.64718539, 41.91045218]]}}, {"type": "Feature", "properties": {"route_id": "Brn", "route_long_name": "Brown Line", "route_color": "#62361B", "route_text_color": "#FFFFFF", "shape_id": "309000017"}, "geometry": {"type": "LineString", "coordinates": [[-87.64718539, 41.91045218], [-87.64710066, 41.91040451]]}}, {"type": "Feature", "properties": {"route_id": "Brn", "route_long_name": "Brown Line", "route_color": "#62361B", "route_text_color": "#FFFFFF", "shape_id": "309000017"}, "geometry": {"type": "LineString", "coordinates": [[-87.64710066, 41.91040451], [-87.64697474, 41.91037075]]}}, {"type": "Feature", "properties": {"route_id": "Brn", "route_long_name": "Brown Line", "route_color": "#62361B", "route_text_color": "#FFFFFF", "shape_id": "309000017"}, "geometry": {"type": "LineString", "coordinates": [[-87.64697474, 41.91037075], [-87.64682346, 41.91034626]]}}, {"type": "Feature", "properties": {"route_id": "Brn", "route_long_name": "Brown Line", "route_color": "#62361B", "route_text_color": "#FFFFFF", "shape_id": "309000017"}, "geometry": {"type": "LineString", "coordinates": [[-87.64682346, 41.91034626], [-87.64664932, 41.91033787]]}}, {"type": "Feature", "properties": {"route_id": "Brn", "route_long_name": "Brown Line", "route_color": "#62361B", "route_text_color": "#FFFFFF", "shape_id": "309000017"}, "geometry": {"type": "LineString", "coordinates": [[-87.64664932, 41.91033787], [-87.64646175, 41.91034049]]}}, {"type": "Feature", "properties": {"route_id": "Brn", "route_long_name": "Brown Line", "route_color": "#62361B", "route_text_color": "#FFFFFF", "shape_id": "309000017"}, "geometry": {"type": "LineString", "coordinates": [[-87.64646175, 41.91034049], [-87.64580959, 41.9103496]]}}, {"type": "Feature", "properties": {"route_id": "Brn", "route_long_name": "Brown Line", "route_color": "#62361B", "route_text_color": "#FFFFFF", "shape_id": "309000017"}, "geometry": {"type": "LineString", "coordinates": [[-87.64580959, 41.9103496], [-87.64523542, 41.91034854]]}}, {"type": "Feature", "properties": {"route_id": "Brn", "route_long_name": "Brown Line", "route_color": "#62361B", "route_text_color": "#FFFFFF", "shape_id": "309000017"}, "geometry": {"type": "LineString", "coordinates": [[-87.64523542, 41.91034854], [-87.64348458, 41.91037105]]}}, {"type": "Feature", "properties": {"route_id": "Brn", "route_long_name": "Brown Line", "route_color": "#62361B", "route_text_color": "#FFFFFF", "shape_id": "309000017"}, "geometry": {"type": "LineString", "coordinates": [[-87.64348458, 41.91037105], [-87.64255542, 41.91039499]]}}, {"type": "Feature", "properties": {"route_id": "Brn", "route_long_name": "Brown Line", "route_color": "#62361B", "route_text_color": "#FFFFFF", "shape_id": "309000017"}, "geometry": {"type": "LineString", "coordinates": [[-87.64255542, 41.91039499], [-87.64100553, 41.91040487]]}}, {"type": "Feature", "properties": {"route_id": "Brn", "route_long_name": "Brown Line", "route_color": "#62361B", "route_text_color": "#FFFFFF", "shape_id": "309000017"}, "geometry": {"type": "LineString", "coordinates": [[-87.64100553, 41.91040487], [-87.64038362, 41.91040883]]}}, {"type": "Feature", "properties": {"route_id": "Brn", "route_long_name": "Brown Line", "route_color": "#62361B", "route_text_color": "#FFFFFF", "shape_id": "309000017"}, "geometry": {"type": "LineString", "coordinates": [[-87.64038362, 41.91040883], [-87.63975191, 41.91041285]]}}, {"type": "Feature", "properties": {"route_id": "Brn", "route_long_name": "Brown Line", "route_color": "#62361B", "route_text_color": "#FFFFFF", "shape_id": "309000017"}, "geometry": {"type": "LineString", "coordinates": [[-87.63975191, 41.91041285], [-87.63930792, 41.91041704]]}}, {"type": "Feature", "properties": {"route_id": "Brn", "route_long_name": "Brown Line", "route_color": "#62361B", "route_text_color": "#FFFFFF", "shape_id": "309000017"}, "geometry": {"type": "LineString", "coordinates": [[-87.63930792, 41.91041704], [-87.63814496, 41.91042681]]}}, {"type": "Feature", "properties": {"route_id": "Brn", "route_long_name": "Brown Line", "route_color": "#62361B", "route_text_color": "#FFFFFF", "shape_id": "309000017"}, "geometry": {"type": "LineString", "coordinates": [[-87.63814496, 41.91042681], [-87.63798162, 41.91041707]]}}, {"type": "Feature", "properties": {"route_id": "Brn", "route_long_name": "Brown Line", "route_color": "#62361B", "route_text_color": "#FFFFFF", "shape_id": "309000017"}, "geometry": {"type": "LineString", "coordinates": [[-87.63798162, 41.91041707], [-87.63787698, 41.91040031]]}}, {"type": "Feature", "properties": {"route_id": "Brn", "route_long_name": "Brown Line", "route_color": "#62361B", "route_text_color": "#FFFFFF", "shape_id": "309000017"}, "geometry": {"type": "LineString", "coordinates": [[-87.63787698, 41.91040031], [-87.63771724, 41.91034869]]}}, {"type": "Feature", "properties": {"route_id": "Brn", "route_long_name": "Brown Line", "route_color": "#62361B", "route_text_color": "#FFFFFF", "shape_id": "309000017"}, "geometry": {"type": "LineString", "coordinates": [[-87.63771724, 41.91034869], [-87.63757619, 41.91027875]]}}, {"type": "Feature", "properties": {"route_id": "Brn", "route_long_name": "Brown Line", "route_color": "#62361B", "route_text_color": "#FFFFFF", "shape_id": "309000017"}, "geometry": {"type": "LineString", "coordinates": [[-87.63757619, 41.91027875], [-87.63746589, 41.91021591]]}}, {"type": "Feature", "properties": {"route_id": "Brn", "route_long_name": "Brown Line", "route_color": "#62361B", "route_text_color": "#FFFFFF", "shape_id": "309000017"}, "geometry": {"type": "LineString", "coordinates": [[-87.63746589, 41.91021591], [-87.63736833, 41.9101163]]}}, {"type": "Feature", "properties": {"route_id": "Brn", "route_long_name": "Brown Line", "route_color": "#62361B", "route_text_color": "#FFFFFF", "shape_id": "309000017"}, "geometry": {"type": "LineString", "coordinates": [[-87.63736833, 41.9101163], [-87.63730179, 41.90999845]]}}, {"type": "Feature", "properties": {"route_id": "Brn", "route_long_name": "Brown Line", "route_color": "#62361B", "route_text_color": "#FFFFFF", "shape_id": "309000017"}, "geometry": {"type": "LineString", "coordinates": [[-87.63730179, 41.90999845], [-87.63727432, 41.90986674]]}}, {"type": "Feature", "properties": {"route_id": "Brn", "route_long_name": "Brown Line", "route_color": "#62361B", "route_text_color": "#FFFFFF", "shape_id": "309000017"}, "geometry": {"type": "LineString", "coordinates": [[-87.63727432, 41.90986674], [-87.63726802, 41.90973718]]}}, {"type": "Feature", "properties": {"route_id": "Brn", "route_long_name": "Brown Line", "route_color": "#62361B", "route_text_color": "#FFFFFF", "shape_id": "309000017"}, "geometry": {"type": "LineString", "coordinates": [[-87.63726802, 41.90973718], [-87.63725501, 41.90951546]]}}, {"type": "Feature", "properties": {"route_id": "Brn", "route_long_name": "Brown Line", "route_color": "#62361B", "route_text_color": "#FFFFFF", "shape_id": "309000017"}, "geometry": {"type": "LineString", "coordinates": [[-87.63725501, 41.90951546], [-87.6372325, 41.90874966]]}}, {"type": "Feature", "properties": {"route_id": "Brn", "route_long_name": "Brown Line", "route_color": "#62361B", "route_text_color": "#FFFFFF", "shape_id": "309000017"}, "geometry": {"type": "LineString", "coordinates": [[-87.6372325, 41.90874966], [-87.63718737, 41.90758363]]}}, {"type": "Feature", "properties": {"route_id": "Brn", "route_long_name": "Brown Line", "route_color": "#62361B", "route_text_color": "#FFFFFF", "shape_id": "309000017"}, "geometry": {"type": "LineString", "coordinates": [[-87.63718737, 41.90758363], [-87.63713826, 41.90607503]]}}, {"type": "Feature", "properties": {"route_id": "Brn", "route_long_name": "Brown Line", "route_color": "#62361B", "route_text_color": "#FFFFFF", "shape_id": "309000017"}, "geometry": {"type": "LineString", "coordinates": [[-87.63713826, 41.90607503], [-87.63711431, 41.90544163]]}}, {"type": "Feature", "properties": {"route_id": "Brn", "route_long_name": "Brown Line", "route_color": "#62361B", "route_text_color": "#FFFFFF", "shape_id": "309000017"}, "geometry": {"type": "LineString", "coordinates": [[-87.63711431, 41.90544163], [-87.63702127, 41.90381913]]}}, {"type": "Feature", "properties": {"route_id": "Brn", "route_long_name": "Brown Line", "route_color": "#62361B", "route_text_color": "#FFFFFF", "shape_id": "309000017"}, "geometry": {"type": "LineString", "coordinates": [[-87.63702127, 41.90381913], [-87.63702936, 41.90368528]]}}, {"type": "Feature", "properties": {"route_id": "Brn", "route_long_name": "Brown Line", "route_color": "#62361B", "route_text_color": "#FFFFFF", "shape_id": "309000017"}, "geometry": {"type": "LineString", "coordinates": [[-87.63702936, 41.90368528], [-87.63701379, 41.90334553]]}}, {"type": "Feature", "properties": {"route_id": "Brn", "route_long_name": "Brown Line", "route_color": "#62361B", "route_text_color": "#FFFFFF", "shape_id": "309000017"}, "geometry": {"type": "LineString", "coordinates": [[-87.63701379, 41.90334553], [-87.63699966, 41.90322743]]}}, {"type": "Feature", "properties": {"route_id": "Brn", "route_long_name": "Brown Line", "route_color": "#62361B", "route_text_color": "#FFFFFF", "shape_id": "309000017"}, "geometry": {"type": "LineString", "coordinates": [[-87.63699966, 41.90322743], [-87.6369507, 41.90312351]]}}, {"type": "Feature", "properties": {"route_id": "Brn", "route_long_name": "Brown Line", "route_color": "#62361B", "route_text_color": "#FFFFFF", "shape_id": "309000017"}, "geometry": {"type": "LineString", "coordinates": [[-87.6369507, 41.90312351], [-87.63688652, 41.90300223]]}}, {"type": "Feature", "properties": {"route_id": "Brn", "route_long_name": "Brown Line", "route_color": "#62361B", "route_text_color": "#FFFFFF", "shape_id": "309000017"}, "geometry": {"type": "LineString", "coordinates": [[-87.63688652, 41.90300223], [-87.63682948, 41.9029328]]}}, {"type": "Feature", "properties": {"route_id": "Brn", "route_long_name": "Brown Line", "route_color": "#62361B", "route_text_color": "#FFFFFF", "shape_id": "309000017"}, "geometry": {"type": "LineString", "coordinates": [[-87.63682948, 41.9029328], [-87.63671533, 41.9027997]]}}, {"type": "Feature", "properties": {"route_id": "Brn", "route_long_name": "Brown Line", "route_color": "#62361B", "route_text_color": "#FFFFFF", "shape_id": "309000017"}, "geometry": {"type": "LineString", "coordinates": [[-87.63671533, 41.9027997], [-87.6365974, 41.90266082]]}}, {"type": "Feature", "properties": {"route_id": "Brn", "route_long_name": "Brown Line", "route_color": "#62361B", "route_text_color": "#FFFFFF", "shape_id": "309000017"}, "geometry": {"type": "LineString", "coordinates": [[-87.6365974, 41.90266082], [-87.63653303, 41.9025568]]}}, {"type": "Feature", "properties": {"route_id": "Brn", "route_long_name": "Brown Line", "route_color": "#62361B", "route_text_color": "#FFFFFF", "shape_id": "309000017"}, "geometry": {"type": "LineString", "coordinates": [[-87.63653303, 41.9025568], [-87.63649556, 41.90245871]]}}, {"type": "Feature", "properties": {"route_id": "Brn", "route_long_name": "Brown Line", "route_color": "#62361B", "route_text_color": "#FFFFFF", "shape_id": "309000017"}, "geometry": {"type": "LineString", "coordinates": [[-87.63649556, 41.90245871], [-87.63646198, 41.90235776]]}}, {"type": "Feature", "properties": {"route_id": "Brn", "route_long_name": "Brown Line", "route_color": "#62361B", "route_text_color": "#FFFFFF", "shape_id": "309000017"}, "geometry": {"type": "LineString", "coordinates": [[-87.63646198, 41.90235776], [-87.63647122, 41.90221677]]}}, {"type": "Feature", "properties": {"route_id": "Brn", "route_long_name": "Brown Line", "route_color": "#62361B", "route_text_color": "#FFFFFF", "shape_id": "309000017"}, "geometry": {"type": "LineString", "coordinates": [[-87.63647122, 41.90221677], [-87.63647614, 41.90211894]]}}, {"type": "Feature", "properties": {"route_id": "Brn", "route_long_name": "Brown Line", "route_color": "#62361B", "route_text_color": "#FFFFFF", "shape_id": "309000017"}, "geometry": {"type": "LineString", "coordinates": [[-87.63647614, 41.90211894], [-87.63650793, 41.9020299]]}}, {"type": "Feature", "properties": {"route_id": "Brn", "route_long_name": "Brown Line", "route_color": "#62361B", "route_text_color": "#FFFFFF", "shape_id": "309000017"}, "geometry": {"type": "LineString", "coordinates": [[-87.63650793, 41.9020299], [-87.63653622, 41.90190918]]}}, {"type": "Feature", "properties": {"route_id": "Brn", "route_long_name": "Brown Line", "route_color": "#62361B", "route_text_color": "#FFFFFF", "shape_id": "309000017"}, "geometry": {"type": "LineString", "coordinates": [[-87.63653622, 41.90190918], [-87.63659541, 41.90178001]]}}, {"type": "Feature", "properties": {"route_id": "Brn", "route_long_name": "Brown Line", "route_color": "#62361B", "route_text_color": "#FFFFFF", "shape_id": "309000017"}, "geometry": {"type": "LineString", "coordinates": [[-87.63659541, 41.90178001], [-87.63666326, 41.90156454]]}}, {"type": "Feature", "properties": {"route_id": "Brn", "route_long_name": "Brown Line", "route_color": "#62361B", "route_text_color": "#FFFFFF", "shape_id": "309000017"}, "geometry": {"type": "LineString", "coordinates": [[-87.63666326, 41.90156454], [-87.63669549, 41.9014352]]}}, {"type": "Feature", "properties": {"route_id": "Brn", "route_long_name": "Brown Line", "route_color": "#62361B", "route_text_color": "#FFFFFF", "shape_id": "309000017"}, "geometry": {"type": "LineString", "coordinates": [[-87.63669549, 41.9014352], [-87.63670444, 41.90132012]]}}, {"type": "Feature", "properties": {"route_id": "Brn", "route_long_name": "Brown Line", "route_color": "#62361B", "route_text_color": "#FFFFFF", "shape_id": "309000017"}, "geometry": {"type": "LineString", "coordinates": [[-87.63670444, 41.90132012], [-87.63670958, 41.90120214]]}}, {"type": "Feature", "properties": {"route_id": "Brn", "route_long_name": "Brown Line", "route_color": "#62361B", "route_text_color": "#FFFFFF", "shape_id": "309000017"}, "geometry": {"type": "LineString", "coordinates": [[-87.63670958, 41.90120214], [-87.63664238, 41.90029502]]}}, {"type": "Feature", "properties": {"route_id": "Brn", "route_long_name": "Brown Line", "route_color": "#62361B", "route_text_color": "#FFFFFF", "shape_id": "309000017"}, "geometry": {"type": "LineString", "coordinates": [[-87.63664238, 41.90029502], [-87.63664507, 41.90008704]]}}, {"type": "Feature", "properties": {"route_id": "Brn", "route_long_name": "Brown Line", "route_color": "#62361B", "route_text_color": "#FFFFFF", "shape_id": "309000017"}, "geometry": {"type": "LineString", "coordinates": [[-87.63664507, 41.90008704], [-87.63662786, 41.89975973]]}}, {"type": "Feature", "properties": {"route_id": "Brn", "route_long_name": "Brown Line", "route_color": "#62361B", "route_text_color": "#FFFFFF", "shape_id": "309000017"}, "geometry": {"type": "LineString", "coordinates": [[-87.63662786, 41.89975973], [-87.63658388, 41.89892344]]}}, {"type": "Feature", "properties": {"route_id": "Brn", "route_long_name": "Brown Line", "route_color": "#62361B", "route_text_color": "#FFFFFF", "shape_id": "309000017"}, "geometry": {"type": "LineString", "coordinates": [[-87.63658388, 41.89892344], [-87.63657075, 41.89867382]]}}, {"type": "Feature", "properties": {"route_id": "Brn", "route_long_name": "Brown Line", "route_color": "#62361B", "route_text_color": "#FFFFFF", "shape_id": "309000017"}, "geometry": {"type": "LineString", "coordinates": [[-87.63657075, 41.89867382], [-87.6365482, 41.89761751]]}}, {"type": "Feature", "properties": {"route_id": "Brn", "route_long_name": "Brown Line", "route_color": "#62361B", "route_text_color": "#FFFFFF", "shape_id": "309000017"}, "geometry": {"type": "LineString", "coordinates": [[-87.6365482, 41.89761751], [-87.63654688, 41.89738435]]}}, {"type": "Feature", "properties": {"route_id": "Brn", "route_long_name": "Brown Line", "route_color": "#62361B", "route_text_color": "#FFFFFF", "shape_id": "309000017"}, "geometry": {"type": "LineString", "coordinates": [[-87.63654688, 41.89738435], [-87.63649811, 41.89726316]]}}, {"type": "Feature", "properties": {"route_id": "Brn", "route_long_name": "Brown Line", "route_color": "#62361B", "route_text_color": "#FFFFFF", "shape_id": "309000017"}, "geometry": {"type": "LineString", "coordinates": [[-87.63649811, 41.89726316], [-87.63641452, 41.89715615]]}}, {"type": "Feature", "properties": {"route_id": "Brn", "route_long_name": "Brown Line", "route_color": "#62361B", "route_text_color": "#FFFFFF", "shape_id": "309000017"}, "geometry": {"type": "LineString", "coordinates": [[-87.63641452, 41.89715615], [-87.63634592, 41.89708665]]}}, {"type": "Feature", "properties": {"route_id": "Brn", "route_long_name": "Brown Line", "route_color": "#62361B", "route_text_color": "#FFFFFF", "shape_id": "309000017"}, "geometry": {"type": "LineString", "coordinates": [[-87.63634592, 41.89708665], [-87.63623135, 41.89699385]]}}, {"type": "Feature", "properties": {"route_id": "Brn", "route_long_name": "Brown Line", "route_color": "#62361B", "route_text_color": "#FFFFFF", "shape_id": "309000017"}, "geometry": {"type": "LineString", "coordinates": [[-87.63623135, 41.89699385], [-87.63595241, 41.89678203]]}}, {"type": "Feature", "properties": {"route_id": "Brn", "route_long_name": "Brown Line", "route_color": "#62361B", "route_text_color": "#FFFFFF", "shape_id": "309000017"}, "geometry": {"type": "LineString", "coordinates": [[-87.63595241, 41.89678203], [-87.63583984, 41.89667595]]}}, {"type": "Feature", "properties": {"route_id": "Brn", "route_long_name": "Brown Line", "route_color": "#62361B", "route_text_color": "#FFFFFF", "shape_id": "309000017"}, "geometry": {"type": "LineString", "coordinates": [[-87.63583984, 41.89667595], [-87.63574075, 41.8965528]]}}, {"type": "Feature", "properties": {"route_id": "Brn", "route_long_name": "Brown Line", "route_color": "#62361B", "route_text_color": "#FFFFFF", "shape_id": "309000017"}, "geometry": {"type": "LineString", "coordinates": [[-87.63574075, 41.8965528], [-87.63569075, 41.89645959]]}}, {"type": "Feature", "properties": {"route_id": "Brn", "route_long_name": "Brown Line", "route_color": "#62361B", "route_text_color": "#FFFFFF", "shape_id": "309000017"}, "geometry": {"type": "LineString", "coordinates": [[-87.63569075, 41.89645959], [-87.63568891, 41.89633571]]}}, {"type": "Feature", "properties": {"route_id": "Brn", "route_long_name": "Brown Line", "route_color": "#62361B", "route_text_color": "#FFFFFF", "shape_id": "309000017"}, "geometry": {"type": "LineString", "coordinates": [[-87.63568891, 41.89633571], [-87.63565097, 41.89542788]]}}, {"type": "Feature", "properties": {"route_id": "Brn", "route_long_name": "Brown Line", "route_color": "#62361B", "route_text_color": "#FFFFFF", "shape_id": "309000017"}, "geometry": {"type": "LineString", "coordinates": [[-87.63565097, 41.89542788], [-87.63563407, 41.8943439]]}}, {"type": "Feature", "properties": {"route_id": "Brn", "route_long_name": "Brown Line", "route_color": "#62361B", "route_text_color": "#FFFFFF", "shape_id": "309000017"}, "geometry": {"type": "LineString", "coordinates": [[-87.63563407, 41.8943439], [-87.63560103, 41.89327888]]}}, {"type": "Feature", "properties": {"route_id": "Brn", "route_long_name": "Brown Line", "route_color": "#62361B", "route_text_color": "#FFFFFF", "shape_id": "309000017"}, "geometry": {"type": "LineString", "coordinates": [[-87.63560103, 41.89327888], [-87.63558594, 41.89261417]]}}, {"type": "Feature", "properties": {"route_id": "Brn", "route_long_name": "Brown Line", "route_color": "#62361B", "route_text_color": "#FFFFFF", "shape_id": "309000017"}, "geometry": {"type": "LineString", "coordinates": [[-87.63558594, 41.89261417], [-87.63554095, 41.89147522]]}}, {"type": "Feature", "properties": {"route_id": "Brn", "route_long_name": "Brown Line", "route_color": "#62361B", "route_text_color": "#FFFFFF", "shape_id": "309000017"}, "geometry": {"type": "LineString", "coordinates": [[-87.63554095, 41.89147522], [-87.63553222, 41.89051993]]}}, {"type": "Feature", "properties": {"route_id": "Brn", "route_long_name": "Brown Line", "route_color": "#62361B", "route_text_color": "#FFFFFF", "shape_id": "309000017"}, "geometry": {"type": "LineString", "coordinates": [[-87.63553222, 41.89051993], [-87.63548668, 41.89031002]]}}, {"type": "Feature", "properties": {"route_id": "Brn", "route_long_name": "Brown Line", "route_color": "#62361B", "route_text_color": "#FFFFFF", "shape_id": "309000017"}, "geometry": {"type": "LineString", "coordinates": [[-87.63548668, 41.89031002], [-87.63540484, 41.89021424]]}}, {"type": "Feature", "properties": {"route_id": "Brn", "route_long_name": "Brown Line", "route_color": "#62361B", "route_text_color": "#FFFFFF", "shape_id": "309000017"}, "geometry": {"type": "LineString", "coordinates": [[-87.63540484, 41.89021424], [-87.6353324, 41.89013281]]}}, {"type": "Feature", "properties": {"route_id": "Brn", "route_long_name": "Brown Line", "route_color": "#62361B", "route_text_color": "#FFFFFF", "shape_id": "309000017"}, "geometry": {"type": "LineString", "coordinates": [[-87.6353324, 41.89013281], [-87.63524568, 41.89007795]]}}, {"type": "Feature", "properties": {"route_id": "Brn", "route_long_name": "Brown Line", "route_color": "#62361B", "route_text_color": "#FFFFFF", "shape_id": "309000017"}, "geometry": {"type": "LineString", "coordinates": [[-87.63524568, 41.89007795], [-87.63508496, 41.89001934]]}}, {"type": "Feature", "properties": {"route_id": "Brn", "route_long_name": "Brown Line", "route_color": "#62361B", "route_text_color": "#FFFFFF", "shape_id": "309000017"}, "geometry": {"type": "LineString", "coordinates": [[-87.63508496, 41.89001934], [-87.63493876, 41.88997795]]}}, {"type": "Feature", "properties": {"route_id": "Brn", "route_long_name": "Brown Line", "route_color": "#62361B", "route_text_color": "#FFFFFF", "shape_id": "309000017"}, "geometry": {"type": "LineString", "coordinates": [[-87.63493876, 41.88997795], [-87.6347597, 41.88994413]]}}, {"type": "Feature", "properties": {"route_id": "Brn", "route_long_name": "Brown Line", "route_color": "#62361B", "route_text_color": "#FFFFFF", "shape_id": "309000017"}, "geometry": {"type": "LineString", "coordinates": [[-87.6347597, 41.88994413], [-87.63462152, 41.88991964]]}}, {"type": "Feature", "properties": {"route_id": "Brn", "route_long_name": "Brown Line", "route_color": "#62361B", "route_text_color": "#FFFFFF", "shape_id": "309000017"}, "geometry": {"type": "LineString", "coordinates": [[-87.63462152, 41.88991964], [-87.63447345, 41.88989421]]}}, {"type": "Feature", "properties": {"route_id": "Brn", "route_long_name": "Brown Line", "route_color": "#62361B", "route_text_color": "#FFFFFF", "shape_id": "309000017"}, "geometry": {"type": "LineString", "coordinates": [[-87.63447345, 41.88989421], [-87.63436951, 41.88984824]]}}, {"type": "Feature", "properties": {"route_id": "Brn", "route_long_name": "Brown Line", "route_color": "#62361B", "route_text_color": "#FFFFFF", "shape_id": "309000017"}, "geometry": {"type": "LineString", "coordinates": [[-87.63436951, 41.88984824], [-87.63425213, 41.88979512]]}}, {"type": "Feature", "properties": {"route_id": "Brn", "route_long_name": "Brown Line", "route_color": "#62361B", "route_text_color": "#FFFFFF", "shape_id": "309000017"}, "geometry": {"type": "LineString", "coordinates": [[-87.63425213, 41.88979512], [-87.63414252, 41.88970982]]}}, {"type": "Feature", "properties": {"route_id": "Brn", "route_long_name": "Brown Line", "route_color": "#62361B", "route_text_color": "#FFFFFF", "shape_id": "309000017"}, "geometry": {"type": "LineString", "coordinates": [[-87.63414252, 41.88970982], [-87.63407745, 41.88963159]]}}, {"type": "Feature", "properties": {"route_id": "Brn", "route_long_name": "Brown Line", "route_color": "#62361B", "route_text_color": "#FFFFFF", "shape_id": "309000017"}, "geometry": {"type": "LineString", "coordinates": [[-87.63407745, 41.88963159], [-87.63402581, 41.88952979]]}}, {"type": "Feature", "properties": {"route_id": "Brn", "route_long_name": "Brown Line", "route_color": "#62361B", "route_text_color": "#FFFFFF", "shape_id": "309000017"}, "geometry": {"type": "LineString", "coordinates": [[-87.63402581, 41.88952979], [-87.63399917, 41.88943406]]}}, {"type": "Feature", "properties": {"route_id": "Brn", "route_long_name": "Brown Line", "route_color": "#62361B", "route_text_color": "#FFFFFF", "shape_id": "309000017"}, "geometry": {"type": "LineString", "coordinates": [[-87.63399917, 41.88943406], [-87.63397911, 41.88897579]]}}, {"type": "Feature", "properties": {"route_id": "Brn", "route_long_name": "Brown Line", "route_color": "#62361B", "route_text_color": "#FFFFFF", "shape_id": "309000017"}, "geometry": {"type": "LineString", "coordinates": [[-87.63397911, 41.88897579], [-87.6339614, 41.88707713]]}}, {"type": "Feature", "properties": {"route_id": "Brn", "route_long_name": "Brown Line", "route_color": "#62361B", "route_text_color": "#FFFFFF", "shape_id": "309000017"}, "geometry": {"type": "LineString", "coordinates": [[-87.6339614, 41.88707713], [-87.63391893, 41.88573238]]}}, {"type": "Feature", "properties": {"route_id": "Brn", "route_long_name": "Brown Line", "route_color": "#62361B", "route_text_color": "#FFFFFF", "shape_id": "309000017"}, "geometry": {"type": "LineString", "coordinates": [[-87.63391893, 41.88573238], [-87.63389482, 41.88441348], [-87.63385928, 41.88270287], [-87.63385066, 41.88144742], [-87.63378832, 41.88014877], [-87.63374573, 41.87873114], [-87.6336922, 41.87726911], [-87.63369886, 41.87707066], [-87.63365097, 41.87696061], [-87.63359091, 41.87691498], [-87.63353383, 41.87688843], [-87.63345438, 41.87686651], [-87.6333812, 41.87685415], [-87.63263213, 41.87685673], [-87.63173959, 41.87686319], [-87.62925871, 41.87689399], [-87.62821489, 41.87691619], [-87.62757293, 41.87693997], [-87.6265018, 41.87696715], [-87.62635488, 41.87696833], [-87.62603967, 41.87697364], [-87.62605954, 41.87831481], [-87.62610365, 41.87951807], [-87.62616192, 41.88203875], [-87.62619456, 41.88322886], [-87.62622786, 41.88444275], [-87.62626248, 41.88535057], [-87.62626051, 41.88552922], [-87.6262587, 41.88557788], [-87.62627344, 41.88562562], [-87.62630802, 41.88566611], [-87.62635259, 41.88569726], [-87.62642642, 41.88573037], [-87.62650898, 41.88574084], [-87.62656012, 41.8857441], [-87.62661795, 41.88574631], [-87.62683561, 41.88574666], [-87.62784093, 41.88574827], [-87.62887754, 41.88574844], [-87.62948396, 41.88574704], [-87.62982204, 41.88574626], [-87.6299274, 41.88574601], [-87.6301197, 41.88574557], [-87.63020427, 41.88574537], [-87.63089177, 41.88574484], [-87.63204551, 41.88574451], [-87.63285147, 41.885738], [-87.63391893, 41.88573238]]}}, {"type": "Feature", "properties": {"route_id": "G", "route_long_name": "Green Line", "route_color": "#009B3A", "route_text_color": "#FFFFFF", "shape_id": "309000011"}, "geometry": {"type": "LineString", "coordinates": [[-87.77489070262436, 41.887299830944215], [-87.77414105, 41.88730063], [-87.77316525, 41.88731323], [-87.77190279, 41.88734179], [-87.77002092, 41.8873615], [-87.76902193, 41.88736817], [-87.76803848, 41.88736912], [-87.76741882, 41.88738921], [-87.76650501, 41.88739628], [-87.7656553, 41.88739686], [-87.76513729, 41.8873946], [-87.76400362, 41.88741863], [-87.76260178, 41.88744638], [-87.76078053, 41.88744799], [-87.75846397, 41.88748325], [-87.75781566, 41.88750929], [-87.75756792, 41.88750227], [-87.75727383, 41.88748343], [-87.75701857, 41.88745322], [-87.75677879, 41.88742308], [-87.75650808, 41.88738701], [-87.75615257, 41.88731], [-87.75574275, 41.88724429], [-87.75531739, 41.88718429], [-87.75499228, 41.88717107], [-87.75327428, 41.88705247], [-87.75162571, 41.88696312], [-87.7503563, 41.88690461], [-87.74870789, 41.88679786], [-87.74646348, 41.8866649], [-87.74547289, 41.88660197], [-87.74470418, 41.8865272], [-87.74469676, 41.88652676], [-87.74296607, 41.88642389], [-87.74130359, 41.88632504], [-87.74054863, 41.88628014], [-87.73806143, 41.88614006], [-87.73559126, 41.88600124], [-87.73431808, 41.88592967], [-87.73380511, 41.88590083], [-87.7331197, 41.88586158], [-87.7320488, 41.88580023], [-87.73113851, 41.88574807], [-87.72994971, 41.88567995], [-87.72926126, 41.88564049], [-87.72674416, 41.8854962], [-87.72625164, 41.88546796], [-87.72573472, 41.88543831], [-87.72540955, 41.88541983], [-87.72462251, 41.88537559], [-87.7229711, 41.88528275], [-87.72242707, 41.88525216], [-87.72156234, 41.88520353], [-87.72087399, 41.88516481], [-87.7199625, 41.88511354], [-87.71680485, 41.88492843], [-87.71652861, 41.88491223], [-87.71601626, 41.88488218], [-87.71530371, 41.88484039], [-87.71455753, 41.88479663], [-87.71414814, 41.88477292], [-87.71268513, 41.88469398], [-87.7120796, 41.88466131], [-87.71106896, 41.88460677], [-87.70935341, 41.88451416], [-87.70858019, 41.88447241], [-87.70745459, 41.88440566], [-87.70669071, 41.88436036], [-87.70616119, 41.88432895], [-87.70612217, 41.88432664], [-87.70567887, 41.88430034], [-87.70560947, 41.88429622], [-87.70418898, 41.88421194], [-87.70371929, 41.88418207], [-87.70277972, 41.8841223], [-87.7013179, 41.8840293], [-87.70129586, 41.88403023], [-87.70108276, 41.88403926], [-87.7006312, 41.88404668], [-87.70023764, 41.88406564], [-87.69953228, 41.88408358], [-87.69880405, 41.88412007], [-87.69787469, 41.88413807], [-87.69623999, 41.88422738], [-87.67689149, 41.88497405], [-87.67665736, 41.88498502], [-87.67579755, 41.88501482], [-87.67430258, 41.88506411], [-87.67308642, 41.88510921], [-87.67222654, 41.88514476], [-87.67082431, 41.88521191], [-87.66943443, 41.8852505], [-87.6669567, 41.88531925], [-87.66516961, 41.88535898], [-87.66414906, 41.88538525], [-87.66312865, 41.8853972], [-87.66148521, 41.88544128], [-87.65835201, 41.88549092], [-87.65673277, 41.88551003], [-87.6555924, 41.88554267], [-87.65311527, 41.88556809], [-87.65213569, 41.88558461], [-87.6518795, 41.88558893], [-87.65088562, 41.88561188], [-87.64972704, 41.88563], [-87.64851177, 41.88565354], [-87.64736091, 41.88567167], [-87.64634394, 41.88568675], [-87.64506698, 41.88570219], [-87.64394707, 41.88571471], [-87.64280517, 41.88571032], [-87.64177706, 41.88571128], [-87.63884382, 41.88571289], [-87.63720512, 41.8857194], [-87.63515744, 41.8857275], [-87.63391893, 41.88573238], [-87.63285147, 41.885738], [-87.63204551, 41.88574451], [-87.63089177, 41.88574484], [-87.63020427, 41.88574537], [-87.6301197, 41.88574557], [-87.6299274, 41.88574601], [-87.62982204, 41.88574626], [-87.62948396, 41.88574704], [-87.62887754, 41.88574844], [-87.62784094, 41.88574827], [-87.62683561, 41.88574666], [-87.62661795, 41.88574631], [-87.62656012, 41.8857441], [-87.62650898, 41.88574084], [-87.62642642, 41.88573037], [-87.62635259, 41.88569726], [-87.62630802, 41.88566611], [-87.62627344, 41.88562562], [-87.6262587, 41.88557788], [-87.62626051, 41.88552922], [-87.62626248, 41.88535057], [-87.62622786, 41.88444275], [-87.62619456, 41.88322886], [-87.62616192, 41.88203875], [-87.62610365, 41.87951807], [-87.62605954, 41.87831481], [-87.62603967, 41.87697364], [-87.62598439, 41.87570137], [-87.62600343, 41.87539006], [-87.62602124, 41.87527097], [-87.6261055, 41.87511118], [-87.62616722, 41.87500058], [-87.62622875, 41.87490642], [-87.62632901, 41.87479195], [-87.62640695, 41.87470611], [-87.62651825, 41.87458759], [-87.62659096, 41.87447706], [-87.62668608, 41.87432967], [-87.62674017, 41.87422092], [-87.62678206, 41.87410419], [-87.62680514, 41.87400568], [-87.62681177, 41.87390296], [-87.62680199, 41.87379192], [-87.6267984, 41.87361926], [-87.62671674, 41.86998258], [-87.62659564, 41.86741281], [-87.62656904, 41.86574092], [-87.62650534, 41.8618961], [-87.62647842, 41.86016949], [-87.62642374, 41.85876656], [-87.62646152, 41.85839666], [-87.62649416, 41.85807717], [-87.62647044, 41.85646906], [-87.62645052, 41.85538505], [-87.62641264, 41.85332663], [-87.62640813, 41.85312293], [-87.62588722, 41.83168587], [-87.62587225, 41.83098337], [-87.6257886, 41.82785666], [-87.62571554, 41.82479436], [-87.62567386, 41.82246924], [-87.62564141, 41.82215546], [-87.62559558, 41.82205902], [-87.6255517, 41.82199443], [-87.6254793, 41.82191775], [-87.62531773, 41.82184053], [-87.62516856, 41.82179435], [-87.62505413, 41.82177458], [-87.62481222, 41.82176356], [-87.62443311, 41.82177552], [-87.62354433, 41.82179862], [-87.62146855, 41.82182304], [-87.62002787, 41.82184949], [-87.61975417, 41.8218335], [-87.6195985, 41.82179918], [-87.61948431, 41.82175797], [-87.61936093, 41.82168336], [-87.61927275, 41.82159467], [-87.61920118, 41.82147664], [-87.61916731, 41.82133912], [-87.61916951, 41.82114141], [-87.61916515, 41.82096034], [-87.61909795, 41.81869685], [-87.61904152, 41.81647107], [-87.61898449, 41.81476099], [-87.61892612, 41.8127083], [-87.61886398, 41.81060334], [-87.61883187, 41.80921668], [-87.61877344, 41.80675547], [-87.61870979, 41.80649051], [-87.61867925, 41.8063736], [-87.61864276, 41.80621853], [-87.61862501, 41.80609693], [-87.61860919, 41.80580144], [-87.6185865, 41.80393238], [-87.61850734, 41.80209943], [-87.61849879, 41.80156419], [-87.61845538, 41.79933295], [-87.61837, 41.79704338], [-87.61834471, 41.79568379], [-87.61832985, 41.79518449], [-87.61827747, 41.79330112], [-87.6182326, 41.7915421], [-87.61814607, 41.78931491], [-87.61818208, 41.78897325], [-87.61814894, 41.78747619], [-87.61818314, 41.78729669], [-87.61823387, 41.78721154], [-87.61832567, 41.78712006], [-87.61843774, 41.78704844], [-87.61855535, 41.78700534], [-87.61874013, 41.786978], [-87.62065558, 41.78694606], [-87.62295155, 41.78692741], [-87.62412009, 41.78691272], [-87.62470588, 41.78690099], [-87.62571013, 41.78691375], [-87.62793336, 41.78685291], [-87.62941827, 41.78682696], [-87.63071591, 41.78678888], [-87.6309737, 41.7867795], [-87.63121692, 41.78676345], [-87.63138428, 41.78672283], [-87.63156644, 41.78666696], [-87.6317019, 41.78659766], [-87.63179043, 41.78653465], [-87.6318554, 41.78648464], [-87.63190587, 41.78642139], [-87.63196241, 41.78633845], [-87.63200721, 41.78625764], [-87.63204069, 41.78614169], [-87.63202159, 41.78574489], [-87.63205287, 41.78368061], [-87.63205697, 41.78330369], [-87.63203413, 41.78190641], [-87.63203507, 41.78155138], [-87.63200614, 41.7807461], [-87.63200845, 41.78054935], [-87.63202057, 41.78046426], [-87.6320568, 41.78036367], [-87.63210436, 41.78029821], [-87.63219032, 41.78020231], [-87.63246194, 41.77999577], [-87.63288133, 41.77966301], [-87.63310279, 41.77949123], [-87.63337955, 41.77935046], [-87.63353805, 41.77931417], [-87.63376073, 41.77930018], [-87.6341827, 41.77926769], [-87.63472183, 41.77923152], [-87.6356538, 41.77914952], [-87.6373054, 41.77912666], [-87.63960133, 41.77908576], [-87.64402887, 41.7790357], [-87.64494537, 41.77903024], [-87.64541085, 41.77903522], [-87.64571768, 41.77909185], [-87.64603903, 41.77915952], [-87.64639263, 41.779223], [-87.64959323, 41.7791873], [-87.65263001, 41.7791374], [-87.65709564, 41.77908487], [-87.66156845, 41.7789996], [-87.6638506, 41.77896124]]}}, {"type": "Feature", "properties": {"route_id": "G", "route_long_name": "Green Line", "route_color": "#009B3A", "route_text_color": "#FFFFFF", "shape_id": "309000009"}, "geometry": {"type": "LineString", "coordinates": [[-87.6638506, 41.77896124], [-87.66156845, 41.7789996], [-87.65709564, 41.77908487], [-87.65263001, 41.7791374], [-87.64959323, 41.7791873], [-87.64639263, 41.779223], [-87.64603903, 41.77915952], [-87.64571768, 41.77909185], [-87.64541085, 41.77903522], [-87.64494537, 41.77903024], [-87.64402887, 41.7790357], [-87.63960133, 41.77908576], [-87.6373054, 41.77912666], [-87.6356538, 41.77914952], [-87.63472183, 41.77923152], [-87.6341827, 41.77926769], [-87.63376073, 41.77930018], [-87.63353805, 41.77931417], [-87.63337955, 41.77935046], [-87.63310279, 41.77949123], [-87.63288133, 41.77966301], [-87.63246194, 41.77999577], [-87.63219032, 41.78020231], [-87.63210436, 41.78029821], [-87.6320568, 41.78036367], [-87.63202057, 41.78046426], [-87.63200845, 41.78054935], [-87.63200614, 41.7807461], [-87.63203507, 41.78155138], [-87.63203413, 41.78190641], [-87.63205697, 41.78330369], [-87.63205287, 41.78368061], [-87.63202159, 41.78574489], [-87.63204069, 41.78614169], [-87.63200721, 41.78625764], [-87.63196241, 41.78633845], [-87.63190587, 41.78642139], [-87.6318554, 41.78648464], [-87.63179043, 41.78653465], [-87.6317019, 41.78659766], [-87.63156644, 41.78666696], [-87.63138428, 41.78672283], [-87.63121692, 41.78676345], [-87.6309737, 41.7867795], [-87.63071591, 41.78678888], [-87.62941827, 41.78682696], [-87.62793336, 41.78685291], [-87.62571013, 41.78691375], [-87.62470588, 41.78690099], [-87.62412009, 41.78691272], [-87.62295155, 41.78692741], [-87.62065558, 41.78694606], [-87.61874013, 41.786978], [-87.61855535, 41.78700534], [-87.61843774, 41.78704844], [-87.61832567, 41.78712006], [-87.61823387, 41.78721154], [-87.61818314, 41.78729669], [-87.61814894, 41.78747619], [-87.61818208, 41.78897325], [-87.61814607, 41.78931491], [-87.6182326, 41.7915421], [-87.61827747, 41.79330112], [-87.61832985, 41.79518449], [-87.61834471, 41.79568379], [-87.61837, 41.79704338], [-87.61845538, 41.79933295], [-87.61849879, 41.80156419], [-87.61850734, 41.80209943], [-87.6185865, 41.80393238], [-87.61860919, 41.80580144], [-87.61862501, 41.80609693], [-87.61864276, 41.80621853], [-87.61867925, 41.8063736], [-87.61870979, 41.80649051], [-87.61877344, 41.80675547], [-87.61883187, 41.80921668], [-87.61886398, 41.81060334], [-87.61892612, 41.8127083], [-87.61898449, 41.81476099], [-87.61904152, 41.81647107], [-87.61909795, 41.81869685], [-87.61916515, 41.82096034], [-87.61916951, 41.82114141], [-87.61916731, 41.82133912], [-87.61920118, 41.82147664], [-87.61927275, 41.82159467], [-87.61936093, 41.82168336], [-87.61948431, 41.82175797], [-87.6195985, 41.82179918], [-87.61975417, 41.8218335], [-87.62002787, 41.82184949], [-87.62146855, 41.82182304], [-87.62354433, 41.82179862], [-87.62443311, 41.82177552], [-87.62481222, 41.82176356], [-87.62505413, 41.82177458], [-87.62516856, 41.82179435], [-87.62531773, 41.82184053], [-87.6254793, 41.82191775], [-87.6255517, 41.82199443], [-87.62559558, 41.82205902], [-87.62564141, 41.82215546], [-87.62567386, 41.82246924], [-87.62571554, 41.82479436], [-87.6257886, 41.82785666], [-87.62587225, 41.83098337], [-87.62588722, 41.83168587], [-87.62640813, 41.85312293], [-87.62641264, 41.85332663], [-87.62645052, 41.85538505], [-87.62647044, 41.85646906], [-87.62649416, 41.85807717], [-87.62646152, 41.85839666], [-87.62642374, 41.85876656], [-87.62647842, 41.86016949], [-87.62650534, 41.8618961], [-87.62656904, 41.86574092], [-87.62659564, 41.86741281], [-87.62671674, 41.86998258], [-87.6267984, 41.87361926], [-87.62680199, 41.87379192], [-87.62681177, 41.87390296], [-87.62680514, 41.87400568], [-87.62678206, 41.87410419], [-87.62674017, 41.87422092], [-87.62668608, 41.87432967], [-87.62659096, 41.87447706], [-87.62651825, 41.87458759], [-87.62640695, 41.87470611], [-87.62632901, 41.87479195], [-87.62622875, 41.87490642], [-87.62616722, 41.87500058], [-87.6261055, 41.87511118], [-87.62602124, 41.87527097], [-87.62600343, 41.87539006], [-87.62598439, 41.87570137], [-87.62603967, 41.87697364], [-87.62605954, 41.87831481], [-87.62610365, 41.87951807], [-87.62616192, 41.88203875], [-87.62619456, 41.88322886], [-87.62622786, 41.88444275], [-87.62626248, 41.88535057], [-87.62626051, 41.88552922], [-87.6262587, 41.88557788], [-87.62627344, 41.88562562], [-87.62630802, 41.88566611], [-87.62635259, 41.88569726], [-87.62642642, 41.88573037], [-87.62650898, 41.88574084], [-87.62656012, 41.8857441], [-87.62661795, 41.88574631], [-87.62683561, 41.88574666], [-87.62784093, 41.88574827], [-87.62887754, 41.88574844], [-87.62948396, 41.88574704], [-87.62982204, 41.88574626], [-87.6299274, 41.88574601], [-87.6301197, 41.88574557], [-87.63020427, 41.88574537], [-87.63089177, 41.88574484], [-87.63204551, 41.88574451], [-87.63285147, 41.885738], [-87.63391893, 41.88573238], [-87.63515744, 41.8857275], [-87.63720512, 41.8857194], [-87.63884382, 41.88571289], [-87.64177706, 41.88571128], [-87.64280517, 41.88571032], [-87.64394707, 41.88571471], [-87.64506698, 41.88570219], [-87.64634394, 41.88568675], [-87.64736091, 41.88567167], [-87.64851177, 41.88565354], [-87.64972704, 41.88563], [-87.65088562, 41.88561188], [-87.6518795, 41.88558893], [-87.65213569, 41.88558461], [-87.65311527, 41.88556809], [-87.6555924, 41.88554267], [-87.65673277, 41.88551003], [-87.65835201, 41.88549092], [-87.66148521, 41.88544128], [-87.66312865, 41.8853972], [-87.66414906, 41.88538525], [-87.66516961, 41.88535898], [-87.6669567, 41.88531925], [-87.66943443, 41.8852505], [-87.67082431, 41.88521191], [-87.67222654, 41.88514476], [-87.67308642, 41.88510921], [-87.67430258, 41.88506411], [-87.67579755, 41.88501482], [-87.67665736, 41.88498502], [-87.67689149, 41.88497405], [-87.69623999, 41.88422738], [-87.69787469, 41.88413807], [-87.69880405, 41.88412007], [-87.69953228, 41.88408358], [-87.70023764, 41.88406564], [-87.7006312, 41.88404668], [-87.70108276, 41.88403926], [-87.70129586, 41.88403023], [-87.7013179, 41.8840293], [-87.70277972, 41.8841223], [-87.70371929, 41.88418207], [-87.70418898, 41.88421194], [-87.70560947, 41.88429622], [-87.70567887, 41.88430034], [-87.70612217, 41.88432664], [-87.70616119, 41.88432895], [-87.70669071, 41.88436036], [-87.70745459, 41.88440566], [-87.70858019, 41.88447241], [-87.70935341, 41.88451416], [-87.71106896, 41.88460677], [-87.7120796, 41.88466131], [-87.71268513, 41.88469398], [-87.71414814, 41.88477292], [-87.71455753, 41.88479663], [-87.71530371, 41.88484039], [-87.71601626, 41.88488218], [-87.71652861, 41.88491223], [-87.71680485, 41.88492843], [-87.7199625, 41.88511354], [-87.72087399, 41.88516481], [-87.72156234, 41.88520353], [-87.72242707, 41.88525216], [-87.7229711, 41.88528275], [-87.72462251, 41.88537559], [-87.72540955, 41.88541983], [-87.72573472, 41.88543831], [-87.72625164, 41.88546796], [-87.72674416, 41.8854962], [-87.72926126, 41.88564049], [-87.72994971, 41.88567995], [-87.73113851, 41.88574807], [-87.7320488, 41.88580023], [-87.7331197, 41.88586158], [-87.73380511, 41.88590083], [-87.73431808, 41.88592967], [-87.73559126, 41.88600124], [-87.73806143, 41.88614006], [-87.74054863, 41.88628014], [-87.74130359, 41.88632504], [-87.74296607, 41.88642389], [-87.74469676, 41.88652676], [-87.74470418, 41.8865272], [-87.74547289, 41.88660197], [-87.74646348, 41.8866649], [-87.74870789, 41.88679786], [-87.7503563, 41.88690461], [-87.75162571, 41.88696312], [-87.75327428, 41.88705247], [-87.75499228, 41.88717107], [-87.75531739, 41.88718429], [-87.75574275, 41.88724429], [-87.75615257, 41.88731], [-87.75650808, 41.88738701], [-87.75677879, 41.88742308], [-87.75701857, 41.88745322], [-87.75727383, 41.88748343], [-87.75756792, 41.88750227], [-87.75781566, 41.88750929], [-87.75846397, 41.88748325], [-87.76078053, 41.88744799], [-87.76260178, 41.88744638], [-87.76400362, 41.88741863], [-87.76513729, 41.8873946], [-87.7656553, 41.88739686], [-87.76650501, 41.88739628], [-87.76741882, 41.88738921], [-87.76803848, 41.88736912], [-87.76902193, 41.88736817], [-87.77002092, 41.8873615], [-87.77190279, 41.88734179], [-87.77316525, 41.88731323], [-87.77414105, 41.88730063], [-87.77489070262436, 41.887299830944215]]}}, {"type": "Feature", "properties": {"route_id": "G", "route_long_name": "Green Line", "route_color": "#009B3A", "route_text_color": "#FFFFFF", "shape_id": "309000010"}, "geometry": {"type": "LineString", "coordinates": [[-87.60586315, 41.78031661], [-87.60971146, 41.78025249], [-87.6122942, 41.78018031], [-87.61555162, 41.78013756], [-87.61709408, 41.78009634], [-87.61751173, 41.78006345], [-87.61769175, 41.78007877], [-87.61782372, 41.78015058], [-87.6179082, 41.78022919], [-87.61794463, 41.78036429], [-87.61796085, 41.78146466], [-87.61800829, 41.78381593], [-87.61801988, 41.78477406], [-87.61814894, 41.78747619], [-87.61818208, 41.78897325], [-87.61814607, 41.78931491], [-87.6182326, 41.7915421], [-87.61827747, 41.79330112], [-87.61832985, 41.79518449], [-87.61834471, 41.79568379], [-87.61837, 41.79704338], [-87.61845538, 41.79933295], [-87.61849879, 41.80156419], [-87.61850734, 41.80209943], [-87.6185865, 41.80393238], [-87.61860919, 41.80580144], [-87.61862501, 41.80609693], [-87.61864276, 41.80621853], [-87.61867925, 41.8063736], [-87.61870979, 41.80649051], [-87.61877344, 41.80675547], [-87.61883187, 41.80921668], [-87.61886398, 41.81060334], [-87.61892612, 41.8127083], [-87.61898449, 41.81476099], [-87.61904152, 41.81647107], [-87.61909795, 41.81869685], [-87.61916515, 41.82096034], [-87.61916951, 41.82114141], [-87.61916731, 41.82133912], [-87.61920118, 41.82147664], [-87.61927275, 41.82159467], [-87.61936093, 41.82168336], [-87.61948431, 41.82175797], [-87.6195985, 41.82179918], [-87.61975417, 41.8218335], [-87.62002787, 41.82184949], [-87.62146855, 41.82182304], [-87.62354433, 41.82179862], [-87.62443311, 41.82177552], [-87.62481222, 41.82176356], [-87.62505413, 41.82177458], [-87.62516856, 41.82179435], [-87.62531773, 41.82184053], [-87.6254793, 41.82191775], [-87.6255517, 41.82199443], [-87.62559558, 41.82205902], [-87.62564141, 41.82215546], [-87.62567386, 41.82246924], [-87.62571554, 41.82479436], [-87.6257886, 41.82785666], [-87.62587225, 41.83098337], [-87.62588722, 41.83168587], [-87.62640813, 41.85312293], [-87.62641264, 41.85332663], [-87.62645052, 41.85538505], [-87.62647044, 41.85646906], [-87.62649416, 41.85807717], [-87.62646152, 41.85839666], [-87.62642374, 41.85876656], [-87.62647842, 41.86016949], [-87.62650534, 41.8618961], [-87.62656904, 41.86574092], [-87.62659564, 41.86741281], [-87.62671674, 41.86998258], [-87.6267984, 41.87361926], [-87.62680199, 41.87379192], [-87.62681177, 41.87390296], [-87.62680514, 41.87400568], [-87.62678206, 41.87410419], [-87.62674017, 41.87422092], [-87.62668608, 41.87432967], [-87.62659096, 41.87447706], [-87.62651825, 41.87458759], [-87.62640695, 41.87470611], [-87.62632901, 41.87479195], [-87.62622875, 41.87490642], [-87.62616722, 41.87500058], [-87.6261055, 41.87511118], [-87.62602124, 41.87527097], [-87.62600343, 41.87539006], [-87.62598439, 41.87570137], [-87.62603967, 41.87697364], [-87.62605954, 41.87831481], [-87.62610365, 41.87951807], [-87.62616192, 41.88203875], [-87.62619456, 41.88322886], [-87.62622786, 41.88444275], [-87.62626248, 41.88535057], [-87.62626051, 41.88552922], [-87.6262587, 41.88557788], [-87.62627344, 41.88562562], [-87.62630802, 41.88566611], [-87.62635259, 41.88569726], [-87.62642642, 41.88573037], [-87.62650898, 41.88574084], [-87.62656012, 41.8857441], [-87.62661795, 41.88574631], [-87.62683561, 41.88574666], [-87.62784093, 41.88574827], [-87.62887754, 41.88574844], [-87.62948396, 41.88574704], [-87.62982204, 41.88574626], [-87.6299274, 41.88574601], [-87.6301197, 41.88574557], [-87.63020427, 41.88574537], [-87.63089177, 41.88574484], [-87.63204551, 41.88574451], [-87.63285147, 41.885738], [-87.63391893, 41.88573238], [-87.63515744, 41.8857275], [-87.63720512, 41.8857194], [-87.63884382, 41.88571289], [-87.64177706, 41.88571128], [-87.64280517, 41.88571032], [-87.64394707, 41.88571471], [-87.64506698, 41.88570219], [-87.64634394, 41.88568675], [-87.64736091, 41.88567167], [-87.64851177, 41.88565354], [-87.64972704, 41.88563], [-87.65088562, 41.88561188], [-87.6518795, 41.88558893], [-87.65213569, 41.88558461], [-87.65311527, 41.88556809], [-87.6555924, 41.88554267], [-87.65673277, 41.88551003], [-87.65835201, 41.88549092], [-87.66148521, 41.88544128], [-87.66312865, 41.8853972], [-87.66414906, 41.88538525], [-87.66516961, 41.88535898], [-87.6669567, 41.88531925], [-87.66943443, 41.8852505], [-87.67082431, 41.88521191], [-87.67222654, 41.88514476], [-87.67308642, 41.88510921], [-87.67430258, 41.88506411], [-87.67579755, 41.88501482], [-87.67665736, 41.88498502], [-87.67689149, 41.88497405], [-87.69623999, 41.88422738], [-87.69787469, 41.88413807], [-87.69880405, 41.88412007], [-87.69953228, 41.88408358], [-87.70023764, 41.88406564], [-87.7006312, 41.88404668], [-87.70108276, 41.88403926], [-87.70129586, 41.88403023], [-87.7013179, 41.8840293], [-87.70277972, 41.8841223], [-87.70371929, 41.88418207], [-87.70418898, 41.88421194], [-87.70560947, 41.88429622], [-87.70567887, 41.88430034], [-87.70612217, 41.88432664], [-87.70616119, 41.88432895], [-87.70669071, 41.88436036], [-87.70745459, 41.88440566], [-87.70858019, 41.88447241], [-87.70935341, 41.88451416], [-87.71106896, 41.88460677], [-87.7120796, 41.88466131], [-87.71268513, 41.88469398], [-87.71414814, 41.88477292], [-87.71455753, 41.88479663], [-87.71530371, 41.88484039], [-87.71601626, 41.88488218], [-87.71652861, 41.88491223], [-87.71680485, 41.88492843], [-87.7199625, 41.88511354], [-87.72087399, 41.88516481], [-87.72156234, 41.88520353], [-87.72242707, 41.88525216], [-87.7229711, 41.88528275], [-87.72462251, 41.88537559], [-87.72540955, 41.88541983], [-87.72573472, 41.88543831], [-87.72625164, 41.88546796], [-87.72674416, 41.8854962], [-87.72926126, 41.88564049], [-87.72994971, 41.88567995], [-87.73113851, 41.88574807], [-87.7320488, 41.88580023], [-87.7331197, 41.88586158], [-87.73380511, 41.88590083], [-87.73431808, 41.88592967], [-87.73559126, 41.88600124], [-87.73806143, 41.88614006], [-87.74054863, 41.88628014], [-87.74130359, 41.88632504], [-87.74296607, 41.88642389], [-87.74469676, 41.88652676], [-87.74470418, 41.8865272], [-87.74547289, 41.88660197], [-87.74646348, 41.8866649], [-87.74870789, 41.88679786], [-87.7503563, 41.88690461], [-87.75162571, 41.88696312], [-87.75327428, 41.88705247], [-87.75499228, 41.88717107], [-87.75531739, 41.88718429], [-87.75574275, 41.88724429], [-87.75615257, 41.88731], [-87.75650808, 41.88738701], [-87.75677879, 41.88742308], [-87.75701857, 41.88745322], [-87.75727383, 41.88748343], [-87.75756792, 41.88750227], [-87.75781566, 41.88750929], [-87.75846397, 41.88748325], [-87.76078053, 41.88744799], [-87.76260178, 41.88744638], [-87.76400362, 41.88741863], [-87.76513729, 41.8873946], [-87.7656553, 41.88739686], [-87.76650501, 41.88739628], [-87.76741882, 41.88738921], [-87.76803848, 41.88736912], [-87.76902193, 41.88736817], [-87.77002092, 41.8873615], [-87.77190279, 41.88734179], [-87.77316525, 41.88731323], [-87.77414105, 41.88730063], [-87.77489070262436, 41.887299830944215]]}}, {"type": "Feature", "properties": {"route_id": "Org", "route_long_name": "Orange Line", "route_color": "#F9461C", "route_text_color": "#FFFFFF", "shape_id": "309000034"}, "geometry": {"type": "LineString", "coordinates": [[-87.73796215, 41.78662138], [-87.73817032, 41.79233259]]}}, {"type": "Feature", "properties": {"route_id": "Org", "route_long_name": "Orange Line", "route_color": "#F9461C", "route_text_color": "#FFFFFF", "shape_id": "309000034"}, "geometry": {"type": "LineString", "coordinates": [[-87.73817032, 41.79233259], [-87.73816363, 41.79271133]]}}, {"type": "Feature", "properties": {"route_id": "Org", "route_long_name": "Orange Line", "route_color": "#F9461C", "route_text_color": "#FFFFFF", "shape_id": "309000034"}, "geometry": {"type": "LineString", "coordinates": [[-87.73816363, 41.79271133], [-87.73811981, 41.79297552]]}}, {"type": "Feature", "properties": {"route_id": "Org", "route_long_name": "Orange Line", "route_color": "#F9461C", "route_text_color": "#FFFFFF", "shape_id": "309000034"}, "geometry": {"type": "LineString", "coordinates": [[-87.73811981, 41.79297552], [-87.73806329, 41.79323489]]}}, {"type": "Feature", "properties": {"route_id": "Org", "route_long_name": "Orange Line", "route_color": "#F9461C", "route_text_color": "#FFFFFF", "shape_id": "309000034"}, "geometry": {"type": "LineString", "coordinates": [[-87.73806329, 41.79323489], [-87.73797908, 41.79339168]]}}, {"type": "Feature", "properties": {"route_id": "Org", "route_long_name": "Orange Line", "route_color": "#F9461C", "route_text_color": "#FFFFFF", "shape_id": "309000034"}, "geometry": {"type": "LineString", "coordinates": [[-87.73797908, 41.79339168], [-87.7377205, 41.79381437]]}}, {"type": "Feature", "properties": {"route_id": "Org", "route_long_name": "Orange Line", "route_color": "#F9461C", "route_text_color": "#FFFFFF", "shape_id": "309000034"}, "geometry": {"type": "LineString", "coordinates": [[-87.7377205, 41.79381437], [-87.73757231, 41.79400418]]}}, {"type": "Feature", "properties": {"route_id": "Org", "route_long_name": "Orange Line", "route_color": "#F9461C", "route_text_color": "#FFFFFF", "shape_id": "309000034"}, "geometry": {"type": "LineString", "coordinates": [[-87.73757231, 41.79400418], [-87.73731534, 41.79425297]]}}, {"type": "Feature", "properties": {"route_id": "Org", "route_long_name": "Orange Line", "route_color": "#F9461C", "route_text_color": "#FFFFFF", "shape_id": "309000034"}, "geometry": {"type": "LineString", "coordinates": [[-87.73731534, 41.79425297], [-87.73697198, 41.79454897]]}}, {"type": "Feature", "properties": {"route_id": "Org", "route_long_name": "Orange Line", "route_color": "#F9461C", "route_text_color": "#FFFFFF", "shape_id": "309000034"}, "geometry": {"type": "LineString", "coordinates": [[-87.73697198, 41.79454897], [-87.73660981, 41.79481389]]}}, {"type": "Feature", "properties": {"route_id": "Org", "route_long_name": "Orange Line", "route_color": "#F9461C", "route_text_color": "#FFFFFF", "shape_id": "309000034"}, "geometry": {"type": "LineString", "coordinates": [[-87.73660981, 41.79481389], [-87.73619656, 41.79509284]]}}, {"type": "Feature", "properties": {"route_id": "Org", "route_long_name": "Orange Line", "route_color": "#F9461C", "route_text_color": "#FFFFFF", "shape_id": "309000034"}, "geometry": {"type": "LineString", "coordinates": [[-87.73619656, 41.79509284], [-87.73580934, 41.79531238]]}}, {"type": "Feature", "properties": {"route_id": "Org", "route_long_name": "Orange Line", "route_color": "#F9461C", "route_text_color": "#FFFFFF", "shape_id": "309000034"}, "geometry": {"type": "LineString", "coordinates": [[-87.73580934, 41.79531238], [-87.73524303, 41.79561911]]}}, {"type": "Feature", "properties": {"route_id": "Org", "route_long_name": "Orange Line", "route_color": "#F9461C", "route_text_color": "#FFFFFF", "shape_id": "309000034"}, "geometry": {"type": "LineString", "coordinates": [[-87.73524303, 41.79561911], [-87.73478587, 41.79582637]]}}, {"type": "Feature", "properties": {"route_id": "Org", "route_long_name": "Orange Line", "route_color": "#F9461C", "route_text_color": "#FFFFFF", "shape_id": "309000034"}, "geometry": {"type": "LineString", "coordinates": [[-87.73478587, 41.79582637], [-87.7340191, 41.79612253]]}}, {"type": "Feature", "properties": {"route_id": "Org", "route_long_name": "Orange Line", "route_color": "#F9461C", "route_text_color": "#FFFFFF", "shape_id": "309000034"}, "geometry": {"type": "LineString", "coordinates": [[-87.7340191, 41.79612253], [-87.72819721, 41.79842894]]}}, {"type": "Feature", "properties": {"route_id": "Org", "route_long_name": "Orange Line", "route_color": "#F9461C", "route_text_color": "#FFFFFF", "shape_id": "309000034"}, "geometry": {"type": "LineString", "coordinates": [[-87.72819721, 41.79842894], [-87.72445541, 41.79989566]]}}, {"type": "Feature", "properties": {"route_id": "Org", "route_long_name": "Orange Line", "route_color": "#F9461C", "route_text_color": "#FFFFFF", "shape_id": "309000034"}, "geometry": {"type": "LineString", "coordinates": [[-87.72445541, 41.79989566], [-87.72075017, 41.80151729]]}}, {"type": "Feature", "properties": {"route_id": "Org", "route_long_name": "Orange Line", "route_color": "#F9461C", "route_text_color": "#FFFFFF", "shape_id": "309000034"}, "geometry": {"type": "LineString", "coordinates": [[-87.72075017, 41.80151729], [-87.71814491, 41.80262061]]}}, {"type": "Feature", "properties": {"route_id": "Org", "route_long_name": "Orange Line", "route_color": "#F9461C", "route_text_color": "#FFFFFF", "shape_id": "309000034"}, "geometry": {"type": "LineString", "coordinates": [[-87.71814491, 41.80262061], [-87.71677061, 41.80317306]]}}, {"type": "Feature", "properties": {"route_id": "Org", "route_long_name": "Orange Line", "route_color": "#F9461C", "route_text_color": "#FFFFFF", "shape_id": "309000034"}, "geometry": {"type": "LineString", "coordinates": [[-87.71677061, 41.80317306], [-87.71575429, 41.80357734]]}}, {"type": "Feature", "properties": {"route_id": "Org", "route_long_name": "Orange Line", "route_color": "#F9461C", "route_text_color": "#FFFFFF", "shape_id": "309000034"}, "geometry": {"type": "LineString", "coordinates": [[-87.71575429, 41.80357734], [-87.71506129, 41.80379754]]}}, {"type": "Feature", "properties": {"route_id": "Org", "route_long_name": "Orange Line", "route_color": "#F9461C", "route_text_color": "#FFFFFF", "shape_id": "309000034"}, "geometry": {"type": "LineString", "coordinates": [[-87.71506129, 41.80379754], [-87.7146495, 41.80390967]]}}, {"type": "Feature", "properties": {"route_id": "Org", "route_long_name": "Orange Line", "route_color": "#F9461C", "route_text_color": "#FFFFFF", "shape_id": "309000034"}, "geometry": {"type": "LineString", "coordinates": [[-87.7146495, 41.80390967], [-87.7141294, 41.80402835]]}}, {"type": "Feature", "properties": {"route_id": "Org", "route_long_name": "Orange Line", "route_color": "#F9461C", "route_text_color": "#FFFFFF", "shape_id": "309000034"}, "geometry": {"type": "LineString", "coordinates": [[-87.7141294, 41.80402835], [-87.71363183, 41.80412096]]}}, {"type": "Feature", "properties": {"route_id": "Org", "route_long_name": "Orange Line", "route_color": "#F9461C", "route_text_color": "#FFFFFF", "shape_id": "309000034"}, "geometry": {"type": "LineString", "coordinates": [[-87.71363183, 41.80412096], [-87.71323333, 41.80417598]]}}, {"type": "Feature", "properties": {"route_id": "Org", "route_long_name": "Orange Line", "route_color": "#F9461C", "route_text_color": "#FFFFFF", "shape_id": "309000034"}, "geometry": {"type": "LineString", "coordinates": [[-87.71323333, 41.80417598], [-87.71252594, 41.80423648]]}}, {"type": "Feature", "properties": {"route_id": "Org", "route_long_name": "Orange Line", "route_color": "#F9461C", "route_text_color": "#FFFFFF", "shape_id": "309000034"}, "geometry": {"type": "LineString", "coordinates": [[-87.71252594, 41.80423648], [-87.71177752, 41.80425864]]}}, {"type": "Feature", "properties": {"route_id": "Org", "route_long_name": "Orange Line", "route_color": "#F9461C", "route_text_color": "#FFFFFF", "shape_id": "309000034"}, "geometry": {"type": "LineString", "coordinates": [[-87.71177752, 41.80425864], [-87.70979685, 41.80429316]]}}, {"type": "Feature", "properties": {"route_id": "Org", "route_long_name": "Orange Line", "route_color": "#F9461C", "route_text_color": "#FFFFFF", "shape_id": "309000034"}, "geometry": {"type": "LineString", "coordinates": [[-87.70979685, 41.80429316], [-87.70673994, 41.80433847]]}}, {"type": "Feature", "properties": {"route_id": "Org", "route_long_name": "Orange Line", "route_color": "#F9461C", "route_text_color": "#FFFFFF", "shape_id": "309000034"}, "geometry": {"type": "LineString", "coordinates": [[-87.70673994, 41.80433847], [-87.70432643, 41.80435625]]}}, {"type": "Feature", "properties": {"route_id": "Org", "route_long_name": "Orange Line", "route_color": "#F9461C", "route_text_color": "#FFFFFF", "shape_id": "309000034"}, "geometry": {"type": "LineString", "coordinates": [[-87.70432643, 41.80435625], [-87.69820607, 41.80446312]]}}, {"type": "Feature", "properties": {"route_id": "Org", "route_long_name": "Orange Line", "route_color": "#F9461C", "route_text_color": "#FFFFFF", "shape_id": "309000034"}, "geometry": {"type": "LineString", "coordinates": [[-87.69820607, 41.80446312], [-87.69427958, 41.80454616]]}}, {"type": "Feature", "properties": {"route_id": "Org", "route_long_name": "Orange Line", "route_color": "#F9461C", "route_text_color": "#FFFFFF", "shape_id": "309000034"}, "geometry": {"type": "LineString", "coordinates": [[-87.69427958, 41.80454616], [-87.69109839, 41.80459988]]}}, {"type": "Feature", "properties": {"route_id": "Org", "route_long_name": "Orange Line", "route_color": "#F9461C", "route_text_color": "#FFFFFF", "shape_id": "309000034"}, "geometry": {"type": "LineString", "coordinates": [[-87.69109839, 41.80459988], [-87.68687938, 41.80464292]]}}, {"type": "Feature", "properties": {"route_id": "Org", "route_long_name": "Orange Line", "route_color": "#F9461C", "route_text_color": "#FFFFFF", "shape_id": "309000034"}, "geometry": {"type": "LineString", "coordinates": [[-87.68687938, 41.80464292], [-87.68407075, 41.8046914]]}}, {"type": "Feature", "properties": {"route_id": "Org", "route_long_name": "Orange Line", "route_color": "#F9461C", "route_text_color": "#FFFFFF", "shape_id": "309000034"}, "geometry": {"type": "LineString", "coordinates": [[-87.68407075, 41.8046914], [-87.68304216, 41.80471178]]}}, {"type": "Feature", "properties": {"route_id": "Org", "route_long_name": "Orange Line", "route_color": "#F9461C", "route_text_color": "#FFFFFF", "shape_id": "309000034"}, "geometry": {"type": "LineString", "coordinates": [[-87.68304216, 41.80471178], [-87.68241187, 41.80470107]]}}, {"type": "Feature", "properties": {"route_id": "Org", "route_long_name": "Orange Line", "route_color": "#F9461C", "route_text_color": "#FFFFFF", "shape_id": "309000034"}, "geometry": {"type": "LineString", "coordinates": [[-87.68241187, 41.80470107], [-87.68212191, 41.80472325]]}}, {"type": "Feature", "properties": {"route_id": "Org", "route_long_name": "Orange Line", "route_color": "#F9461C", "route_text_color": "#FFFFFF", "shape_id": "309000034"}, "geometry": {"type": "LineString", "coordinates": [[-87.68212191, 41.80472325], [-87.68180943, 41.80476912]]}}, {"type": "Feature", "properties": {"route_id": "Org", "route_long_name": "Orange Line", "route_color": "#F9461C", "route_text_color": "#FFFFFF", "shape_id": "309000034"}, "geometry": {"type": "LineString", "coordinates": [[-87.68180943, 41.80476912], [-87.68134669, 41.80487607]]}}, {"type": "Feature", "properties": {"route_id": "Org", "route_long_name": "Orange Line", "route_color": "#F9461C", "route_text_color": "#FFFFFF", "shape_id": "309000034"}, "geometry": {"type": "LineString", "coordinates": [[-87.68134669, 41.80487607], [-87.68104323, 41.8049744]]}}, {"type": "Feature", "properties": {"route_id": "Org", "route_long_name": "Orange Line", "route_color": "#F9461C", "route_text_color": "#FFFFFF", "shape_id": "309000034"}, "geometry": {"type": "LineString", "coordinates": [[-87.68104323, 41.8049744], [-87.68070725, 41.80513925]]}}, {"type": "Feature", "properties": {"route_id": "Org", "route_long_name": "Orange Line", "route_color": "#F9461C", "route_text_color": "#FFFFFF", "shape_id": "309000034"}, "geometry": {"type": "LineString", "coordinates": [[-87.68070725, 41.80513925], [-87.68042522, 41.80532107]]}}, {"type": "Feature", "properties": {"route_id": "Org", "route_long_name": "Orange Line", "route_color": "#F9461C", "route_text_color": "#FFFFFF", "shape_id": "309000034"}, "geometry": {"type": "LineString", "coordinates": [[-87.68042522, 41.80532107], [-87.68016522, 41.80552923]]}}, {"type": "Feature", "properties": {"route_id": "Org", "route_long_name": "Orange Line", "route_color": "#F9461C", "route_text_color": "#FFFFFF", "shape_id": "309000034"}, "geometry": {"type": "LineString", "coordinates": [[-87.68016522, 41.80552923], [-87.67996249, 41.80574009]]}}, {"type": "Feature", "properties": {"route_id": "Org", "route_long_name": "Orange Line", "route_color": "#F9461C", "route_text_color": "#FFFFFF", "shape_id": "309000034"}, "geometry": {"type": "LineString", "coordinates": [[-87.67996249, 41.80574009], [-87.67983649, 41.80592042]]}}, {"type": "Feature", "properties": {"route_id": "Org", "route_long_name": "Orange Line", "route_color": "#F9461C", "route_text_color": "#FFFFFF", "shape_id": "309000034"}, "geometry": {"type": "LineString", "coordinates": [[-87.67983649, 41.80592042], [-87.67969695, 41.80617929]]}}, {"type": "Feature", "properties": {"route_id": "Org", "route_long_name": "Orange Line", "route_color": "#F9461C", "route_text_color": "#FFFFFF", "shape_id": "309000034"}, "geometry": {"type": "LineString", "coordinates": [[-87.67969695, 41.80617929], [-87.67961498, 41.80641227]]}}, {"type": "Feature", "properties": {"route_id": "Org", "route_long_name": "Orange Line", "route_color": "#F9461C", "route_text_color": "#FFFFFF", "shape_id": "309000034"}, "geometry": {"type": "LineString", "coordinates": [[-87.67961498, 41.80641227], [-87.67956456, 41.80667403]]}}, {"type": "Feature", "properties": {"route_id": "Org", "route_long_name": "Orange Line", "route_color": "#F9461C", "route_text_color": "#FFFFFF", "shape_id": "309000034"}, "geometry": {"type": "LineString", "coordinates": [[-87.67956456, 41.80667403], [-87.67953638, 41.80694067]]}}, {"type": "Feature", "properties": {"route_id": "Org", "route_long_name": "Orange Line", "route_color": "#F9461C", "route_text_color": "#FFFFFF", "shape_id": "309000034"}, "geometry": {"type": "LineString", "coordinates": [[-87.67953638, 41.80694067], [-87.67958541, 41.80869424]]}}, {"type": "Feature", "properties": {"route_id": "Org", "route_long_name": "Orange Line", "route_color": "#F9461C", "route_text_color": "#FFFFFF", "shape_id": "309000034"}, "geometry": {"type": "LineString", "coordinates": [[-87.67958541, 41.80869424], [-87.67963629, 41.81089329]]}}, {"type": "Feature", "properties": {"route_id": "Org", "route_long_name": "Orange Line", "route_color": "#F9461C", "route_text_color": "#FFFFFF", "shape_id": "309000034"}, "geometry": {"type": "LineString", "coordinates": [[-87.67963629, 41.81089329], [-87.67967385, 41.8118964]]}}, {"type": "Feature", "properties": {"route_id": "Org", "route_long_name": "Orange Line", "route_color": "#F9461C", "route_text_color": "#FFFFFF", "shape_id": "309000034"}, "geometry": {"type": "LineString", "coordinates": [[-87.67967385, 41.8118964], [-87.67972948, 41.81425508]]}}, {"type": "Feature", "properties": {"route_id": "Org", "route_long_name": "Orange Line", "route_color": "#F9461C", "route_text_color": "#FFFFFF", "shape_id": "309000034"}, "geometry": {"type": "LineString", "coordinates": [[-87.67972948, 41.81425508], [-87.67978613, 41.81463417]]}}, {"type": "Feature", "properties": {"route_id": "Org", "route_long_name": "Orange Line", "route_color": "#F9461C", "route_text_color": "#FFFFFF", "shape_id": "309000034"}, "geometry": {"type": "LineString", "coordinates": [[-87.67978613, 41.81463417], [-87.67980337, 41.8148177]]}}, {"type": "Feature", "properties": {"route_id": "Org", "route_long_name": "Orange Line", "route_color": "#F9461C", "route_text_color": "#FFFFFF", "shape_id": "309000034"}, "geometry": {"type": "LineString", "coordinates": [[-87.67980337, 41.8148177], [-87.67988554, 41.81519217]]}}, {"type": "Feature", "properties": {"route_id": "Org", "route_long_name": "Orange Line", "route_color": "#F9461C", "route_text_color": "#FFFFFF", "shape_id": "309000034"}, "geometry": {"type": "LineString", "coordinates": [[-87.67988554, 41.81519217], [-87.68001426, 41.81568602]]}}, {"type": "Feature", "properties": {"route_id": "Org", "route_long_name": "Orange Line", "route_color": "#F9461C", "route_text_color": "#FFFFFF", "shape_id": "309000034"}, "geometry": {"type": "LineString", "coordinates": [[-87.68001426, 41.81568602], [-87.68018506, 41.8161134]]}}, {"type": "Feature", "properties": {"route_id": "Org", "route_long_name": "Orange Line", "route_color": "#F9461C", "route_text_color": "#FFFFFF", "shape_id": "309000034"}, "geometry": {"type": "LineString", "coordinates": [[-87.68018506, 41.8161134], [-87.68037164, 41.81655516]]}}, {"type": "Feature", "properties": {"route_id": "Org", "route_long_name": "Orange Line", "route_color": "#F9461C", "route_text_color": "#FFFFFF", "shape_id": "309000034"}, "geometry": {"type": "LineString", "coordinates": [[-87.68037164, 41.81655516], [-87.68171387, 41.81859717]]}}, {"type": "Feature", "properties": {"route_id": "Org", "route_long_name": "Orange Line", "route_color": "#F9461C", "route_text_color": "#FFFFFF", "shape_id": "309000034"}, "geometry": {"type": "LineString", "coordinates": [[-87.68171387, 41.81859717], [-87.68309173, 41.82058934]]}}, {"type": "Feature", "properties": {"route_id": "Org", "route_long_name": "Orange Line", "route_color": "#F9461C", "route_text_color": "#FFFFFF", "shape_id": "309000034"}, "geometry": {"type": "LineString", "coordinates": [[-87.68309173, 41.82058934], [-87.68494124, 41.82318923]]}}, {"type": "Feature", "properties": {"route_id": "Org", "route_long_name": "Orange Line", "route_color": "#F9461C", "route_text_color": "#FFFFFF", "shape_id": "309000034"}, "geometry": {"type": "LineString", "coordinates": [[-87.68494124, 41.82318923], [-87.68569474, 41.82426546]]}}, {"type": "Feature", "properties": {"route_id": "Org", "route_long_name": "Orange Line", "route_color": "#F9461C", "route_text_color": "#FFFFFF", "shape_id": "309000034"}, "geometry": {"type": "LineString", "coordinates": [[-87.68569474, 41.82426546], [-87.68595541, 41.82462902]]}}, {"type": "Feature", "properties": {"route_id": "Org", "route_long_name": "Orange Line", "route_color": "#F9461C", "route_text_color": "#FFFFFF", "shape_id": "309000034"}, "geometry": {"type": "LineString", "coordinates": [[-87.68595541, 41.82462902], [-87.68607418, 41.82485361]]}}, {"type": "Feature", "properties": {"route_id": "Org", "route_long_name": "Orange Line", "route_color": "#F9461C", "route_text_color": "#FFFFFF", "shape_id": "309000034"}, "geometry": {"type": "LineString", "coordinates": [[-87.68607418, 41.82485361], [-87.68614287, 41.82498978]]}}, {"type": "Feature", "properties": {"route_id": "Org", "route_long_name": "Orange Line", "route_color": "#F9461C", "route_text_color": "#FFFFFF", "shape_id": "309000034"}, "geometry": {"type": "LineString", "coordinates": [[-87.68614287, 41.82498978], [-87.68620704, 41.82525933]]}}, {"type": "Feature", "properties": {"route_id": "Org", "route_long_name": "Orange Line", "route_color": "#F9461C", "route_text_color": "#FFFFFF", "shape_id": "309000034"}, "geometry": {"type": "LineString", "coordinates": [[-87.68620704, 41.82525933], [-87.68621798, 41.82543806]]}}, {"type": "Feature", "properties": {"route_id": "Org", "route_long_name": "Orange Line", "route_color": "#F9461C", "route_text_color": "#FFFFFF", "shape_id": "309000034"}, "geometry": {"type": "LineString", "coordinates": [[-87.68621798, 41.82543806], [-87.68621335, 41.82558096]]}}, {"type": "Feature", "properties": {"route_id": "Org", "route_long_name": "Orange Line", "route_color": "#F9461C", "route_text_color": "#FFFFFF", "shape_id": "309000034"}, "geometry": {"type": "LineString", "coordinates": [[-87.68621335, 41.82558096], [-87.68613699, 41.82589022]]}}, {"type": "Feature", "properties": {"route_id": "Org", "route_long_name": "Orange Line", "route_color": "#F9461C", "route_text_color": "#FFFFFF", "shape_id": "309000034"}, "geometry": {"type": "LineString", "coordinates": [[-87.68613699, 41.82589022], [-87.68603601, 41.82611357]]}}, {"type": "Feature", "properties": {"route_id": "Org", "route_long_name": "Orange Line", "route_color": "#F9461C", "route_text_color": "#FFFFFF", "shape_id": "309000034"}, "geometry": {"type": "LineString", "coordinates": [[-87.68603601, 41.82611357], [-87.68591321, 41.82628916]]}}, {"type": "Feature", "properties": {"route_id": "Org", "route_long_name": "Orange Line", "route_color": "#F9461C", "route_text_color": "#FFFFFF", "shape_id": "309000034"}, "geometry": {"type": "LineString", "coordinates": [[-87.68591321, 41.82628916], [-87.68570088, 41.82649998]]}}, {"type": "Feature", "properties": {"route_id": "Org", "route_long_name": "Orange Line", "route_color": "#F9461C", "route_text_color": "#FFFFFF", "shape_id": "309000034"}, "geometry": {"type": "LineString", "coordinates": [[-87.68570088, 41.82649998], [-87.68547941, 41.82667025]]}}, {"type": "Feature", "properties": {"route_id": "Org", "route_long_name": "Orange Line", "route_color": "#F9461C", "route_text_color": "#FFFFFF", "shape_id": "309000034"}, "geometry": {"type": "LineString", "coordinates": [[-87.68547941, 41.82667025], [-87.68517184, 41.82684956]]}}, {"type": "Feature", "properties": {"route_id": "Org", "route_long_name": "Orange Line", "route_color": "#F9461C", "route_text_color": "#FFFFFF", "shape_id": "309000034"}, "geometry": {"type": "LineString", "coordinates": [[-87.68517184, 41.82684956], [-87.68481004, 41.82703809]]}}, {"type": "Feature", "properties": {"route_id": "Org", "route_long_name": "Orange Line", "route_color": "#F9461C", "route_text_color": "#FFFFFF", "shape_id": "309000034"}, "geometry": {"type": "LineString", "coordinates": [[-87.68481004, 41.82703809], [-87.68430095, 41.8273044]]}}, {"type": "Feature", "properties": {"route_id": "Org", "route_long_name": "Orange Line", "route_color": "#F9461C", "route_text_color": "#FFFFFF", "shape_id": "309000034"}, "geometry": {"type": "LineString", "coordinates": [[-87.68430095, 41.8273044], [-87.68174966, 41.8288884]]}}, {"type": "Feature", "properties": {"route_id": "Org", "route_long_name": "Orange Line", "route_color": "#F9461C", "route_text_color": "#FFFFFF", "shape_id": "309000034"}, "geometry": {"type": "LineString", "coordinates": [[-87.68174966, 41.8288884], [-87.68059313, 41.82956793]]}}, {"type": "Feature", "properties": {"route_id": "Org", "route_long_name": "Orange Line", "route_color": "#F9461C", "route_text_color": "#FFFFFF", "shape_id": "309000034"}, "geometry": {"type": "LineString", "coordinates": [[-87.68059313, 41.82956793], [-87.67797428, 41.8311824]]}}, {"type": "Feature", "properties": {"route_id": "Org", "route_long_name": "Orange Line", "route_color": "#F9461C", "route_text_color": "#FFFFFF", "shape_id": "309000034"}, "geometry": {"type": "LineString", "coordinates": [[-87.67797428, 41.8311824], [-87.67476261, 41.83314838]]}}, {"type": "Feature", "properties": {"route_id": "Org", "route_long_name": "Orange Line", "route_color": "#F9461C", "route_text_color": "#FFFFFF", "shape_id": "309000034"}, "geometry": {"type": "LineString", "coordinates": [[-87.67476261, 41.83314838], [-87.67326192, 41.83412122]]}}, {"type": "Feature", "properties": {"route_id": "Org", "route_long_name": "Orange Line", "route_color": "#F9461C", "route_text_color": "#FFFFFF", "shape_id": "309000034"}, "geometry": {"type": "LineString", "coordinates": [[-87.67326192, 41.83412122], [-87.67079456, 41.83585315]]}}, {"type": "Feature", "properties": {"route_id": "Org", "route_long_name": "Orange Line", "route_color": "#F9461C", "route_text_color": "#FFFFFF", "shape_id": "309000034"}, "geometry": {"type": "LineString", "coordinates": [[-87.67079456, 41.83585315], [-87.66907459, 41.83707242]]}}, {"type": "Feature", "properties": {"route_id": "Org", "route_long_name": "Orange Line", "route_color": "#F9461C", "route_text_color": "#FFFFFF", "shape_id": "309000034"}, "geometry": {"type": "LineString", "coordinates": [[-87.66907459, 41.83707242], [-87.66785232, 41.83790387]]}}, {"type": "Feature", "properties": {"route_id": "Org", "route_long_name": "Orange Line", "route_color": "#F9461C", "route_text_color": "#FFFFFF", "shape_id": "309000034"}, "geometry": {"type": "LineString", "coordinates": [[-87.66785232, 41.83790387], [-87.66691893, 41.83852259]]}}, {"type": "Feature", "properties": {"route_id": "Org", "route_long_name": "Orange Line", "route_color": "#F9461C", "route_text_color": "#FFFFFF", "shape_id": "309000034"}, "geometry": {"type": "LineString", "coordinates": [[-87.66691893, 41.83852259], [-87.66624924, 41.83889985]]}}, {"type": "Feature", "properties": {"route_id": "Org", "route_long_name": "Orange Line", "route_color": "#F9461C", "route_text_color": "#FFFFFF", "shape_id": "309000034"}, "geometry": {"type": "LineString", "coordinates": [[-87.66624924, 41.83889985], [-87.66531742, 41.83936372]]}}, {"type": "Feature", "properties": {"route_id": "Org", "route_long_name": "Orange Line", "route_color": "#F9461C", "route_text_color": "#FFFFFF", "shape_id": "309000034"}, "geometry": {"type": "LineString", "coordinates": [[-87.66531742, 41.83936372], [-87.66227284, 41.84081101]]}}, {"type": "Feature", "properties": {"route_id": "Org", "route_long_name": "Orange Line", "route_color": "#F9461C", "route_text_color": "#FFFFFF", "shape_id": "309000034"}, "geometry": {"type": "LineString", "coordinates": [[-87.66227284, 41.84081101], [-87.65873161, 41.84251735]]}}, {"type": "Feature", "properties": {"route_id": "Org", "route_long_name": "Orange Line", "route_color": "#F9461C", "route_text_color": "#FFFFFF", "shape_id": "309000034"}, "geometry": {"type": "LineString", "coordinates": [[-87.65873161, 41.84251735], [-87.65780315, 41.84295497]]}}, {"type": "Feature", "properties": {"route_id": "Org", "route_long_name": "Orange Line", "route_color": "#F9461C", "route_text_color": "#FFFFFF", "shape_id": "309000034"}, "geometry": {"type": "LineString", "coordinates": [[-87.65780315, 41.84295497], [-87.65434471, 41.8446426]]}}, {"type": "Feature", "properties": {"route_id": "Org", "route_long_name": "Orange Line", "route_color": "#F9461C", "route_text_color": "#FFFFFF", "shape_id": "309000034"}, "geometry": {"type": "LineString", "coordinates": [[-87.65434471, 41.8446426], [-87.6535803, 41.84492632]]}}, {"type": "Feature", "properties": {"route_id": "Org", "route_long_name": "Orange Line", "route_color": "#F9461C", "route_text_color": "#FFFFFF", "shape_id": "309000034"}, "geometry": {"type": "LineString", "coordinates": [[-87.6535803, 41.84492632], [-87.65313257, 41.84508804]]}}, {"type": "Feature", "properties": {"route_id": "Org", "route_long_name": "Orange Line", "route_color": "#F9461C", "route_text_color": "#FFFFFF", "shape_id": "309000034"}, "geometry": {"type": "LineString", "coordinates": [[-87.65313257, 41.84508804], [-87.65264987, 41.8452424]]}}, {"type": "Feature", "properties": {"route_id": "Org", "route_long_name": "Orange Line", "route_color": "#F9461C", "route_text_color": "#FFFFFF", "shape_id": "309000034"}, "geometry": {"type": "LineString", "coordinates": [[-87.65264987, 41.8452424], [-87.65206839, 41.84539856]]}}, {"type": "Feature", "properties": {"route_id": "Org", "route_long_name": "Orange Line", "route_color": "#F9461C", "route_text_color": "#FFFFFF", "shape_id": "309000034"}, "geometry": {"type": "LineString", "coordinates": [[-87.65206839, 41.84539856], [-87.65142957, 41.84555437]]}}, {"type": "Feature", "properties": {"route_id": "Org", "route_long_name": "Orange Line", "route_color": "#F9461C", "route_text_color": "#FFFFFF", "shape_id": "309000034"}, "geometry": {"type": "LineString", "coordinates": [[-87.65142957, 41.84555437], [-87.65065932, 41.84578563]]}}, {"type": "Feature", "properties": {"route_id": "Org", "route_long_name": "Orange Line", "route_color": "#F9461C", "route_text_color": "#FFFFFF", "shape_id": "309000034"}, "geometry": {"type": "LineString", "coordinates": [[-87.65065932, 41.84578563], [-87.65010283, 41.84598719]]}}, {"type": "Feature", "properties": {"route_id": "Org", "route_long_name": "Orange Line", "route_color": "#F9461C", "route_text_color": "#FFFFFF", "shape_id": "309000034"}, "geometry": {"type": "LineString", "coordinates": [[-87.65010283, 41.84598719], [-87.64942447, 41.84626425]]}}, {"type": "Feature", "properties": {"route_id": "Org", "route_long_name": "Orange Line", "route_color": "#F9461C", "route_text_color": "#FFFFFF", "shape_id": "309000034"}, "geometry": {"type": "LineString", "coordinates": [[-87.64942447, 41.84626425], [-87.64813686, 41.84690929]]}}, {"type": "Feature", "properties": {"route_id": "Org", "route_long_name": "Orange Line", "route_color": "#F9461C", "route_text_color": "#FFFFFF", "shape_id": "309000034"}, "geometry": {"type": "LineString", "coordinates": [[-87.64813686, 41.84690929], [-87.64653877, 41.84768586]]}}, {"type": "Feature", "properties": {"route_id": "Org", "route_long_name": "Orange Line", "route_color": "#F9461C", "route_text_color": "#FFFFFF", "shape_id": "309000034"}, "geometry": {"type": "LineString", "coordinates": [[-87.64653877, 41.84768586], [-87.64579009, 41.84798153]]}}, {"type": "Feature", "properties": {"route_id": "Org", "route_long_name": "Orange Line", "route_color": "#F9461C", "route_text_color": "#FFFFFF", "shape_id": "309000034"}, "geometry": {"type": "LineString", "coordinates": [[-87.64579009, 41.84798153], [-87.64514429, 41.84818968]]}}, {"type": "Feature", "properties": {"route_id": "Org", "route_long_name": "Orange Line", "route_color": "#F9461C", "route_text_color": "#FFFFFF", "shape_id": "309000034"}, "geometry": {"type": "LineString", "coordinates": [[-87.64514429, 41.84818968], [-87.6443968, 41.84837339]]}}, {"type": "Feature", "properties": {"route_id": "Org", "route_long_name": "Orange Line", "route_color": "#F9461C", "route_text_color": "#FFFFFF", "shape_id": "309000034"}, "geometry": {"type": "LineString", "coordinates": [[-87.6443968, 41.84837339], [-87.64351496, 41.84860631]]}}, {"type": "Feature", "properties": {"route_id": "Org", "route_long_name": "Orange Line", "route_color": "#F9461C", "route_text_color": "#FFFFFF", "shape_id": "309000034"}, "geometry": {"type": "LineString", "coordinates": [[-87.64351496, 41.84860631], [-87.6428247, 41.84881961]]}}, {"type": "Feature", "properties": {"route_id": "Org", "route_long_name": "Orange Line", "route_color": "#F9461C", "route_text_color": "#FFFFFF", "shape_id": "309000034"}, "geometry": {"type": "LineString", "coordinates": [[-87.6428247, 41.84881961], [-87.64123007, 41.84958572]]}}, {"type": "Feature", "properties": {"route_id": "Org", "route_long_name": "Orange Line", "route_color": "#F9461C", "route_text_color": "#FFFFFF", "shape_id": "309000034"}, "geometry": {"type": "LineString", "coordinates": [[-87.64123007, 41.84958572], [-87.64061387, 41.84995622]]}}, {"type": "Feature", "properties": {"route_id": "Org", "route_long_name": "Orange Line", "route_color": "#F9461C", "route_text_color": "#FFFFFF", "shape_id": "309000034"}, "geometry": {"type": "LineString", "coordinates": [[-87.64061387, 41.84995622], [-87.64032156, 41.850176]]}}, {"type": "Feature", "properties": {"route_id": "Org", "route_long_name": "Orange Line", "route_color": "#F9461C", "route_text_color": "#FFFFFF", "shape_id": "309000034"}, "geometry": {"type": "LineString", "coordinates": [[-87.64032156, 41.850176], [-87.6401513, 41.85030599]]}}, {"type": "Feature", "properties": {"route_id": "Org", "route_long_name": "Orange Line", "route_color": "#F9461C", "route_text_color": "#FFFFFF", "shape_id": "309000034"}, "geometry": {"type": "LineString", "coordinates": [[-87.6401513, 41.85030599], [-87.638913, 41.85167778]]}}, {"type": "Feature", "properties": {"route_id": "Org", "route_long_name": "Orange Line", "route_color": "#F9461C", "route_text_color": "#FFFFFF", "shape_id": "309000034"}, "geometry": {"type": "LineString", "coordinates": [[-87.638913, 41.85167778], [-87.63800991, 41.8526895]]}}, {"type": "Feature", "properties": {"route_id": "Org", "route_long_name": "Orange Line", "route_color": "#F9461C", "route_text_color": "#FFFFFF", "shape_id": "309000034"}, "geometry": {"type": "LineString", "coordinates": [[-87.63800991, 41.8526895], [-87.6365679, 41.85432684]]}}, {"type": "Feature", "properties": {"route_id": "Org", "route_long_name": "Orange Line", "route_color": "#F9461C", "route_text_color": "#FFFFFF", "shape_id": "309000034"}, "geometry": {"type": "LineString", "coordinates": [[-87.6365679, 41.85432684], [-87.63595245, 41.85495915]]}}, {"type": "Feature", "properties": {"route_id": "Org", "route_long_name": "Orange Line", "route_color": "#F9461C", "route_text_color": "#FFFFFF", "shape_id": "309000034"}, "geometry": {"type": "LineString", "coordinates": [[-87.63595245, 41.85495915], [-87.63525467, 41.8555433]]}}, {"type": "Feature", "properties": {"route_id": "Org", "route_long_name": "Orange Line", "route_color": "#F9461C", "route_text_color": "#FFFFFF", "shape_id": "309000034"}, "geometry": {"type": "LineString", "coordinates": [[-87.63525467, 41.8555433], [-87.6339848, 41.85657658]]}}, {"type": "Feature", "properties": {"route_id": "Org", "route_long_name": "Orange Line", "route_color": "#F9461C", "route_text_color": "#FFFFFF", "shape_id": "309000034"}, "geometry": {"type": "LineString", "coordinates": [[-87.6339848, 41.85657658], [-87.63358038, 41.85684569]]}}, {"type": "Feature", "properties": {"route_id": "Org", "route_long_name": "Orange Line", "route_color": "#F9461C", "route_text_color": "#FFFFFF", "shape_id": "309000034"}, "geometry": {"type": "LineString", "coordinates": [[-87.63358038, 41.85684569], [-87.63305804, 41.85711645]]}}, {"type": "Feature", "properties": {"route_id": "Org", "route_long_name": "Orange Line", "route_color": "#F9461C", "route_text_color": "#FFFFFF", "shape_id": "309000034"}, "geometry": {"type": "LineString", "coordinates": [[-87.63305804, 41.85711645], [-87.63251722, 41.85732755]]}}, {"type": "Feature", "properties": {"route_id": "Org", "route_long_name": "Orange Line", "route_color": "#F9461C", "route_text_color": "#FFFFFF", "shape_id": "309000034"}, "geometry": {"type": "LineString", "coordinates": [[-87.63251722, 41.85732755], [-87.63198354, 41.8574696]]}}, {"type": "Feature", "properties": {"route_id": "Org", "route_long_name": "Orange Line", "route_color": "#F9461C", "route_text_color": "#FFFFFF", "shape_id": "309000034"}, "geometry": {"type": "LineString", "coordinates": [[-87.63198354, 41.8574696], [-87.63159069, 41.85755296]]}}, {"type": "Feature", "properties": {"route_id": "Org", "route_long_name": "Orange Line", "route_color": "#F9461C", "route_text_color": "#FFFFFF", "shape_id": "309000034"}, "geometry": {"type": "LineString", "coordinates": [[-87.63159069, 41.85755296], [-87.63130659, 41.85759887]]}}, {"type": "Feature", "properties": {"route_id": "Org", "route_long_name": "Orange Line", "route_color": "#F9461C", "route_text_color": "#FFFFFF", "shape_id": "309000034"}, "geometry": {"type": "LineString", "coordinates": [[-87.63130659, 41.85759887], [-87.63076122, 41.85764318]]}}, {"type": "Feature", "properties": {"route_id": "Org", "route_long_name": "Orange Line", "route_color": "#F9461C", "route_text_color": "#FFFFFF", "shape_id": "309000034"}, "geometry": {"type": "LineString", "coordinates": [[-87.63076122, 41.85764318], [-87.62783231, 41.8576943]]}}, {"type": "Feature", "properties": {"route_id": "Org", "route_long_name": "Orange Line", "route_color": "#F9461C", "route_text_color": "#FFFFFF", "shape_id": "309000034"}, "geometry": {"type": "LineString", "coordinates": [[-87.62783231, 41.8576943], [-87.62741765, 41.85773225]]}}, {"type": "Feature", "properties": {"route_id": "Org", "route_long_name": "Orange Line", "route_color": "#F9461C", "route_text_color": "#FFFFFF", "shape_id": "309000034"}, "geometry": {"type": "LineString", "coordinates": [[-87.62741765, 41.85773225], [-87.62727395, 41.85775996]]}}, {"type": "Feature", "properties": {"route_id": "Org", "route_long_name": "Orange Line", "route_color": "#F9461C", "route_text_color": "#FFFFFF", "shape_id": "309000034"}, "geometry": {"type": "LineString", "coordinates": [[-87.62727395, 41.85775996], [-87.62713331, 41.85779959]]}}, {"type": "Feature", "properties": {"route_id": "Org", "route_long_name": "Orange Line", "route_color": "#F9461C", "route_text_color": "#FFFFFF", "shape_id": "309000034"}, "geometry": {"type": "LineString", "coordinates": [[-87.62713331, 41.85779959], [-87.62699581, 41.857844]]}}, {"type": "Feature", "properties": {"route_id": "Org", "route_long_name": "Orange Line", "route_color": "#F9461C", "route_text_color": "#FFFFFF", "shape_id": "309000034"}, "geometry": {"type": "LineString", "coordinates": [[-87.62699581, 41.857844], [-87.62682609, 41.85791919]]}}, {"type": "Feature", "properties": {"route_id": "Org", "route_long_name": "Orange Line", "route_color": "#F9461C", "route_text_color": "#FFFFFF", "shape_id": "309000034"}, "geometry": {"type": "LineString", "coordinates": [[-87.62682609, 41.85791919], [-87.62669783, 41.85799225]]}}, {"type": "Feature", "properties": {"route_id": "Org", "route_long_name": "Orange Line", "route_color": "#F9461C", "route_text_color": "#FFFFFF", "shape_id": "309000034"}, "geometry": {"type": "LineString", "coordinates": [[-87.62669783, 41.85799225], [-87.62660454, 41.85807267]]}}, {"type": "Feature", "properties": {"route_id": "Org", "route_long_name": "Orange Line", "route_color": "#F9461C", "route_text_color": "#FFFFFF", "shape_id": "309000034"}, "geometry": {"type": "LineString", "coordinates": [[-87.62660454, 41.85807267], [-87.62655349, 41.85812943]]}}, {"type": "Feature", "properties": {"route_id": "Org", "route_long_name": "Orange Line", "route_color": "#F9461C", "route_text_color": "#FFFFFF", "shape_id": "309000034"}, "geometry": {"type": "LineString", "coordinates": [[-87.62655349, 41.85812943], [-87.62647552, 41.85825216]]}}, {"type": "Feature", "properties": {"route_id": "Org", "route_long_name": "Orange Line", "route_color": "#F9461C", "route_text_color": "#FFFFFF", "shape_id": "309000034"}, "geometry": {"type": "LineString", "coordinates": [[-87.62647552, 41.85825216], [-87.62646152, 41.85839666]]}}, {"type": "Feature", "properties": {"route_id": "Org", "route_long_name": "Orange Line", "route_color": "#F9461C", "route_text_color": "#FFFFFF", "shape_id": "309000034"}, "geometry": {"type": "LineString", "coordinates": [[-87.62646152, 41.85839666], [-87.62642374, 41.85876656]]}}, {"type": "Feature", "properties": {"route_id": "Org", "route_long_name": "Orange Line", "route_color": "#F9461C", "route_text_color": "#FFFFFF", "shape_id": "309000034"}, "geometry": {"type": "LineString", "coordinates": [[-87.62642374, 41.85876656], [-87.62647842, 41.86016949]]}}, {"type": "Feature", "properties": {"route_id": "Org", "route_long_name": "Orange Line", "route_color": "#F9461C", "route_text_color": "#FFFFFF", "shape_id": "309000034"}, "geometry": {"type": "LineString", "coordinates": [[-87.62647842, 41.86016949], [-87.62650534, 41.8618961]]}}, {"type": "Feature", "properties": {"route_id": "Org", "route_long_name": "Orange Line", "route_color": "#F9461C", "route_text_color": "#FFFFFF", "shape_id": "309000034"}, "geometry": {"type": "LineString", "coordinates": [[-87.62650534, 41.8618961], [-87.62656904, 41.86574092]]}}, {"type": "Feature", "properties": {"route_id": "Org", "route_long_name": "Orange Line", "route_color": "#F9461C", "route_text_color": "#FFFFFF", "shape_id": "309000034"}, "geometry": {"type": "LineString", "coordinates": [[-87.62656904, 41.86574092], [-87.62659564, 41.86741281]]}}, {"type": "Feature", "properties": {"route_id": "Org", "route_long_name": "Orange Line", "route_color": "#F9461C", "route_text_color": "#FFFFFF", "shape_id": "309000034"}, "geometry": {"type": "LineString", "coordinates": [[-87.62659564, 41.86741281], [-87.62671674, 41.86998258]]}}, {"type": "Feature", "properties": {"route_id": "Org", "route_long_name": "Orange Line", "route_color": "#F9461C", "route_text_color": "#FFFFFF", "shape_id": "309000034"}, "geometry": {"type": "LineString", "coordinates": [[-87.62671674, 41.86998258], [-87.6267984, 41.87361926]]}}, {"type": "Feature", "properties": {"route_id": "Org", "route_long_name": "Orange Line", "route_color": "#F9461C", "route_text_color": "#FFFFFF", "shape_id": "309000034"}, "geometry": {"type": "LineString", "coordinates": [[-87.6267984, 41.87361926], [-87.62680199, 41.87379192]]}}, {"type": "Feature", "properties": {"route_id": "Org", "route_long_name": "Orange Line", "route_color": "#F9461C", "route_text_color": "#FFFFFF", "shape_id": "309000034"}, "geometry": {"type": "LineString", "coordinates": [[-87.62680199, 41.87379192], [-87.62681177, 41.87390296]]}}, {"type": "Feature", "properties": {"route_id": "Org", "route_long_name": "Orange Line", "route_color": "#F9461C", "route_text_color": "#FFFFFF", "shape_id": "309000034"}, "geometry": {"type": "LineString", "coordinates": [[-87.62681177, 41.87390296], [-87.62680514, 41.87400568]]}}, {"type": "Feature", "properties": {"route_id": "Org", "route_long_name": "Orange Line", "route_color": "#F9461C", "route_text_color": "#FFFFFF", "shape_id": "309000034"}, "geometry": {"type": "LineString", "coordinates": [[-87.62680514, 41.87400568], [-87.62678206, 41.87410419]]}}, {"type": "Feature", "properties": {"route_id": "Org", "route_long_name": "Orange Line", "route_color": "#F9461C", "route_text_color": "#FFFFFF", "shape_id": "309000034"}, "geometry": {"type": "LineString", "coordinates": [[-87.62678206, 41.87410419], [-87.62674017, 41.87422092]]}}, {"type": "Feature", "properties": {"route_id": "Org", "route_long_name": "Orange Line", "route_color": "#F9461C", "route_text_color": "#FFFFFF", "shape_id": "309000034"}, "geometry": {"type": "LineString", "coordinates": [[-87.62674017, 41.87422092], [-87.62668608, 41.87432967]]}}, {"type": "Feature", "properties": {"route_id": "Org", "route_long_name": "Orange Line", "route_color": "#F9461C", "route_text_color": "#FFFFFF", "shape_id": "309000034"}, "geometry": {"type": "LineString", "coordinates": [[-87.62668608, 41.87432967], [-87.62659096, 41.87447706]]}}, {"type": "Feature", "properties": {"route_id": "Org", "route_long_name": "Orange Line", "route_color": "#F9461C", "route_text_color": "#FFFFFF", "shape_id": "309000034"}, "geometry": {"type": "LineString", "coordinates": [[-87.62659096, 41.87447706], [-87.62651825, 41.87458759]]}}, {"type": "Feature", "properties": {"route_id": "Org", "route_long_name": "Orange Line", "route_color": "#F9461C", "route_text_color": "#FFFFFF", "shape_id": "309000034"}, "geometry": {"type": "LineString", "coordinates": [[-87.62651825, 41.87458759], [-87.62640695, 41.87470611]]}}, {"type": "Feature", "properties": {"route_id": "Org", "route_long_name": "Orange Line", "route_color": "#F9461C", "route_text_color": "#FFFFFF", "shape_id": "309000034"}, "geometry": {"type": "LineString", "coordinates": [[-87.62640695, 41.87470611], [-87.62632901, 41.87479195]]}}, {"type": "Feature", "properties": {"route_id": "Org", "route_long_name": "Orange Line", "route_color": "#F9461C", "route_text_color": "#FFFFFF", "shape_id": "309000034"}, "geometry": {"type": "LineString", "coordinates": [[-87.62632901, 41.87479195], [-87.62622875, 41.87490642]]}}, {"type": "Feature", "properties": {"route_id": "Org", "route_long_name": "Orange Line", "route_color": "#F9461C", "route_text_color": "#FFFFFF", "shape_id": "309000034"}, "geometry": {"type": "LineString", "coordinates": [[-87.62622875, 41.87490642], [-87.62616722, 41.87500058]]}}, {"type": "Feature", "properties": {"route_id": "Org", "route_long_name": "Orange Line", "route_color": "#F9461C", "route_text_color": "#FFFFFF", "shape_id": "309000034"}, "geometry": {"type": "LineString", "coordinates": [[-87.62616722, 41.87500058], [-87.6261055, 41.87511118]]}}, {"type": "Feature", "properties": {"route_id": "Org", "route_long_name": "Orange Line", "route_color": "#F9461C", "route_text_color": "#FFFFFF", "shape_id": "309000034"}, "geometry": {"type": "LineString", "coordinates": [[-87.6261055, 41.87511118], [-87.62602124, 41.87527097]]}}, {"type": "Feature", "properties": {"route_id": "Org", "route_long_name": "Orange Line", "route_color": "#F9461C", "route_text_color": "#FFFFFF", "shape_id": "309000034"}, "geometry": {"type": "LineString", "coordinates": [[-87.62602124, 41.87527097], [-87.62600343, 41.87539006]]}}, {"type": "Feature", "properties": {"route_id": "Org", "route_long_name": "Orange Line", "route_color": "#F9461C", "route_text_color": "#FFFFFF", "shape_id": "309000034"}, "geometry": {"type": "LineString", "coordinates": [[-87.62600343, 41.87539006], [-87.62598439, 41.87570137]]}}, {"type": "Feature", "properties": {"route_id": "Org", "route_long_name": "Orange Line", "route_color": "#F9461C", "route_text_color": "#FFFFFF", "shape_id": "309000034"}, "geometry": {"type": "LineString", "coordinates": [[-87.62598439, 41.87570137], [-87.62603967, 41.87697364]]}}, {"type": "Feature", "properties": {"route_id": "Org", "route_long_name": "Orange Line", "route_color": "#F9461C", "route_text_color": "#FFFFFF", "shape_id": "309000034"}, "geometry": {"type": "LineString", "coordinates": [[-87.62603967, 41.87697364], [-87.62635488, 41.87696833], [-87.6265018, 41.87696715], [-87.62757293, 41.87693997], [-87.62821489, 41.87691619], [-87.62925871, 41.87689399], [-87.63173959, 41.87686319], [-87.63263213, 41.87685673], [-87.6333812, 41.87685415], [-87.63345438, 41.87686651], [-87.63353383, 41.87688843], [-87.63359091, 41.87691498], [-87.63365097, 41.87696061], [-87.63369886, 41.87707066], [-87.6336922, 41.87726911], [-87.63374573, 41.87873114], [-87.63378832, 41.88014877], [-87.63385066, 41.88144742], [-87.63385928, 41.88270287], [-87.63389482, 41.88441348], [-87.63391893, 41.88573238], [-87.63285147, 41.885738], [-87.63204551, 41.88574451], [-87.63089177, 41.88574484], [-87.63020427, 41.88574537], [-87.6301197, 41.88574557], [-87.6299274, 41.88574601], [-87.62982204, 41.88574626], [-87.62948396, 41.88574704], [-87.62887754, 41.88574844], [-87.62784094, 41.88574827], [-87.62683561, 41.88574666], [-87.62661795, 41.88574631], [-87.62656012, 41.8857441], [-87.62650898, 41.88574084], [-87.62642642, 41.88573037], [-87.62635259, 41.88569726], [-87.62630802, 41.88566611], [-87.62627344, 41.88562562], [-87.6262587, 41.88557788], [-87.62626051, 41.88552922], [-87.62626248, 41.88535057], [-87.62622786, 41.88444275], [-87.62619456, 41.88322886], [-87.62616192, 41.88203875], [-87.62610365, 41.87951807], [-87.62605954, 41.87831481], [-87.62603967, 41.87697364]]}}, {"type": "Feature", "properties": {"route_id": "Org", "route_long_name": "Orange Line", "route_color": "#F9461C", "route_text_color": "#FFFFFF", "shape_id": "309000039"}, "geometry": {"type": "LineString", "coordinates": [[-87.62659564, 41.86741281], [-87.62656904, 41.86574092], [-87.62650534, 41.8618961], [-87.62647842, 41.86016949], [-87.62642374, 41.85876656], [-87.62646152, 41.85839666], [-87.62647552, 41.85825216], [-87.62655349, 41.85812943], [-87.62660454, 41.85807267], [-87.62669783, 41.85799225], [-87.62682609, 41.85791919], [-87.62699581, 41.857844], [-87.62713331, 41.85779959], [-87.62727395, 41.85775996], [-87.62741765, 41.85773225], [-87.62783231, 41.8576943], [-87.63076122, 41.85764318], [-87.63130659, 41.85759887], [-87.63159069, 41.85755296], [-87.63198354, 41.8574696], [-87.63251722, 41.85732755], [-87.63305804, 41.85711645], [-87.63358038, 41.85684569], [-87.6339848, 41.85657658], [-87.63525467, 41.8555433], [-87.63595245, 41.85495915], [-87.6365679, 41.85432684], [-87.63800991, 41.8526895], [-87.638913, 41.85167778], [-87.6401513, 41.85030599], [-87.64032156, 41.850176], [-87.64061387, 41.84995622], [-87.64123007, 41.84958572], [-87.6428247, 41.84881961], [-87.64351496, 41.84860631], [-87.6443968, 41.84837339], [-87.64514429, 41.84818968], [-87.64579009, 41.84798153], [-87.64653877, 41.84768586], [-87.64813686, 41.84690929], [-87.64942447, 41.84626425], [-87.65010283, 41.84598719], [-87.65065932, 41.84578563], [-87.65142957, 41.84555437], [-87.65206839, 41.84539856], [-87.65264987, 41.8452424], [-87.65313257, 41.84508804], [-87.6535803, 41.84492632], [-87.65434471, 41.8446426], [-87.65780315, 41.84295497], [-87.65873161, 41.84251735], [-87.66227284, 41.84081101], [-87.66531742, 41.83936372], [-87.66624924, 41.83889985], [-87.66691893, 41.83852259], [-87.66785232, 41.83790387], [-87.66907459, 41.83707242], [-87.67079456, 41.83585315], [-87.67326192, 41.83412122], [-87.67476261, 41.83314838], [-87.67797428, 41.8311824], [-87.68059313, 41.82956793], [-87.68174966, 41.8288884], [-87.68430095, 41.8273044], [-87.68481004, 41.82703809], [-87.68517184, 41.82684956], [-87.68547941, 41.82667025], [-87.68570088, 41.82649998], [-87.68591321, 41.82628916], [-87.68603601, 41.82611357], [-87.68613699, 41.82589022], [-87.68621335, 41.82558096], [-87.68621798, 41.82543806], [-87.68620704, 41.82525933], [-87.68614287, 41.82498978], [-87.68607418, 41.82485361], [-87.68595541, 41.82462902], [-87.68569474, 41.82426546], [-87.68494124, 41.82318923], [-87.68309173, 41.82058934], [-87.68171387, 41.81859717], [-87.68037164, 41.81655516], [-87.68018506, 41.8161134], [-87.68001426, 41.81568602], [-87.67988554, 41.81519217], [-87.67980337, 41.8148177], [-87.67978613, 41.81463417], [-87.67972948, 41.81425508], [-87.67967385, 41.8118964], [-87.67963629, 41.81089329], [-87.67958541, 41.80869424], [-87.67953638, 41.80694067], [-87.67956456, 41.80667403], [-87.67961498, 41.80641227], [-87.67969695, 41.80617929], [-87.67983649, 41.80592042], [-87.67996249, 41.80574009], [-87.68016522, 41.80552923], [-87.68042522, 41.80532107], [-87.68070725, 41.80513925], [-87.68104323, 41.8049744], [-87.68134669, 41.80487607], [-87.68180943, 41.80476912], [-87.68212191, 41.80472325], [-87.68241187, 41.80470107], [-87.68304216, 41.80471178], [-87.68407075, 41.8046914], [-87.68687938, 41.80464292], [-87.69109839, 41.80459988], [-87.69427958, 41.80454616], [-87.69820607, 41.80446312], [-87.70432643, 41.80435625], [-87.70673994, 41.80433847], [-87.70979685, 41.80429316], [-87.71177752, 41.80425864], [-87.71252594, 41.80423648], [-87.71323333, 41.80417598], [-87.71363183, 41.80412096], [-87.7141294, 41.80402835], [-87.7146495, 41.80390967], [-87.71506129, 41.80379754], [-87.71575429, 41.80357734], [-87.71677061, 41.80317306], [-87.71814491, 41.80262061], [-87.72075017, 41.80151729], [-87.72445541, 41.79989566], [-87.72819721, 41.79842894], [-87.7340191, 41.79612253], [-87.73478587, 41.79582637], [-87.73524303, 41.79561911], [-87.73580934, 41.79531238], [-87.73619656, 41.79509284], [-87.73660981, 41.79481389], [-87.73697198, 41.79454897], [-87.73731534, 41.79425297], [-87.73757231, 41.79400418], [-87.7377205, 41.79381437], [-87.73797908, 41.79339168], [-87.73806329, 41.79323489], [-87.73811981, 41.79297552], [-87.73816363, 41.79271133], [-87.73817032, 41.79233259], [-87.73796215, 41.78662138]]}}, {"type": "Feature", "properties": {"route_id": "Org", "route_long_name": "Orange Line", "route_color": "#F9461C", "route_text_color": "#FFFFFF", "shape_id": "309000038"}, "geometry": {"type": "LineString", "coordinates": [[-87.73796215, 41.78662138], [-87.73817032, 41.79233259], [-87.73816363, 41.79271133], [-87.73811981, 41.79297552], [-87.73806329, 41.79323489], [-87.73797908, 41.79339168], [-87.7377205, 41.79381437], [-87.73757231, 41.79400418], [-87.73731534, 41.79425297], [-87.73697198, 41.79454897], [-87.73660981, 41.79481389], [-87.73619656, 41.79509284], [-87.73580934, 41.79531238], [-87.73524303, 41.79561911], [-87.73478587, 41.79582637], [-87.7340191, 41.79612253], [-87.72819721, 41.79842894], [-87.72445541, 41.79989566], [-87.72075017, 41.80151729], [-87.71814491, 41.80262061], [-87.71677061, 41.80317306], [-87.71575429, 41.80357734], [-87.71506129, 41.80379754], [-87.7146495, 41.80390967], [-87.7141294, 41.80402835], [-87.71363183, 41.80412096], [-87.71323333, 41.80417598], [-87.71252594, 41.80423648], [-87.71177752, 41.80425864], [-87.70979685, 41.80429316], [-87.70673994, 41.80433847], [-87.70432643, 41.80435625], [-87.69820607, 41.80446312], [-87.69427958, 41.80454616], [-87.69109839, 41.80459988], [-87.68687938, 41.80464292], [-87.68407075, 41.8046914], [-87.68304216, 41.80471178], [-87.68241187, 41.80470107], [-87.68212191, 41.80472325], [-87.68180943, 41.80476912], [-87.68134669, 41.80487607], [-87.68104323, 41.8049744], [-87.68070725, 41.80513925], [-87.68042522, 41.80532107], [-87.68016522, 41.80552923], [-87.67996249, 41.80574009], [-87.67983649, 41.80592042], [-87.67969695, 41.80617929], [-87.67961498, 41.80641227], [-87.67956456, 41.80667403], [-87.67953638, 41.80694067], [-87.67958541, 41.80869424], [-87.67963629, 41.81089329], [-87.67967385, 41.8118964], [-87.67972948, 41.81425508], [-87.67978613, 41.81463417], [-87.67980337, 41.8148177], [-87.67988554, 41.81519217], [-87.68001426, 41.81568602], [-87.68018506, 41.8161134], [-87.68037164, 41.81655516], [-87.68171387, 41.81859717], [-87.68309173, 41.82058934], [-87.68494124, 41.82318923], [-87.68569474, 41.82426546], [-87.68595541, 41.82462902], [-87.68607418, 41.82485361], [-87.68614287, 41.82498978], [-87.68620704, 41.82525933], [-87.68621798, 41.82543806], [-87.68621335, 41.82558096], [-87.68613699, 41.82589022], [-87.68603601, 41.82611357], [-87.68591321, 41.82628916], [-87.68570088, 41.82649998], [-87.68547941, 41.82667025], [-87.68517184, 41.82684956], [-87.68481004, 41.82703809], [-87.68430095, 41.8273044], [-87.68174966, 41.8288884], [-87.68059313, 41.82956793], [-87.67797428, 41.8311824], [-87.67476261, 41.83314838], [-87.67326192, 41.83412122], [-87.67079456, 41.83585315], [-87.66907459, 41.83707242], [-87.66785232, 41.83790387], [-87.66691893, 41.83852259], [-87.66624924, 41.83889985], [-87.66531742, 41.83936372], [-87.66227284, 41.84081101], [-87.65873161, 41.84251735], [-87.65780315, 41.84295497], [-87.65434471, 41.8446426], [-87.6535803, 41.84492632], [-87.65313257, 41.84508804], [-87.65264987, 41.8452424], [-87.65206839, 41.84539856], [-87.65142957, 41.84555437], [-87.65065932, 41.84578563], [-87.65010283, 41.84598719], [-87.64942447, 41.84626425], [-87.64813686, 41.84690929], [-87.64653877, 41.84768586], [-87.64579009, 41.84798153], [-87.64514429, 41.84818968], [-87.6443968, 41.84837339], [-87.64351496, 41.84860631], [-87.6428247, 41.84881961], [-87.64123007, 41.84958572], [-87.64061387, 41.84995622], [-87.64032156, 41.850176], [-87.6401513, 41.85030599], [-87.638913, 41.85167778], [-87.63800991, 41.8526895], [-87.6365679, 41.85432684], [-87.63595245, 41.85495915], [-87.63525467, 41.8555433], [-87.6339848, 41.85657658], [-87.63358038, 41.85684569], [-87.63305804, 41.85711645], [-87.63251722, 41.85732755], [-87.63198354, 41.8574696], [-87.63159069, 41.85755296], [-87.63130659, 41.85759887], [-87.63076122, 41.85764318], [-87.62783231, 41.8576943], [-87.62741765, 41.85773225], [-87.62727395, 41.85775996], [-87.62713331, 41.85779959], [-87.62699581, 41.857844], [-87.62682609, 41.85791919], [-87.62669783, 41.85799225], [-87.62660454, 41.85807267], [-87.62655349, 41.85812943], [-87.62647552, 41.85825216], [-87.62646152, 41.85839666], [-87.62642374, 41.85876656], [-87.62647842, 41.86016949], [-87.62650534, 41.8618961], [-87.62656904, 41.86574092], [-87.62659564, 41.86741281]]}}, {"type": "Feature", "properties": {"route_id": "P", "route_long_name": "Purple Line", "route_color": "#522398", "route_text_color": "#FFFFFF", "shape_id": "309000026"}, "geometry": {"type": "LineString", "coordinates": [[-87.67336910436084, 42.019450290919735], [-87.67289823, 42.0190711]]}}, {"type": "Feature", "properties": {"route_id": "P", "route_long_name": "Purple Line", "route_color": "#522398", "route_text_color": "#FFFFFF", "shape_id": "309000024"}, "geometry": {"type": "LineString", "coordinates": [[-87.67289823, 42.0190711], [-87.67233005, 42.01860324]]}}, {"type": "Feature", "properties": {"route_id": "P", "route_long_name": "Purple Line", "route_color": "#522398", "route_text_color": "#FFFFFF", "shape_id": "309000024"}, "geometry": {"type": "LineString", "coordinates": [[-87.67233005, 42.01860324], [-87.67178036, 42.0181506]]}}, {"type": "Feature", "properties": {"route_id": "P", "route_long_name": "Purple Line", "route_color": "#522398", "route_text_color": "#FFFFFF", "shape_id": "309000024"}, "geometry": {"type": "LineString", "coordinates": [[-87.67178036, 42.0181506], [-87.67142664, 42.01785791]]}}, {"type": "Feature", "properties": {"route_id": "P", "route_long_name": "Purple Line", "route_color": "#522398", "route_text_color": "#FFFFFF", "shape_id": "309000024"}, "geometry": {"type": "LineString", "coordinates": [[-87.67142664, 42.01785791], [-87.67079302, 42.01733363]]}}, {"type": "Feature", "properties": {"route_id": "P", "route_long_name": "Purple Line", "route_color": "#522398", "route_text_color": "#FFFFFF", "shape_id": "309000024"}, "geometry": {"type": "LineString", "coordinates": [[-87.67079302, 42.01733363], [-87.67037088, 42.01698432]]}}, {"type": "Feature", "properties": {"route_id": "P", "route_long_name": "Purple Line", "route_color": "#522398", "route_text_color": "#FFFFFF", "shape_id": "309000024"}, "geometry": {"type": "LineString", "coordinates": [[-87.67037088, 42.01698432], [-87.66988791, 42.01658467]]}}, {"type": "Feature", "properties": {"route_id": "P", "route_long_name": "Purple Line", "route_color": "#522398", "route_text_color": "#FFFFFF", "shape_id": "309000024"}, "geometry": {"type": "LineString", "coordinates": [[-87.66988791, 42.01658467], [-87.66909789, 42.01588406]]}}, {"type": "Feature", "properties": {"route_id": "P", "route_long_name": "Purple Line", "route_color": "#522398", "route_text_color": "#FFFFFF", "shape_id": "309000024"}, "geometry": {"type": "LineString", "coordinates": [[-87.66909789, 42.01588406], [-87.66769798, 42.01467084]]}}, {"type": "Feature", "properties": {"route_id": "P", "route_long_name": "Purple Line", "route_color": "#522398", "route_text_color": "#FFFFFF", "shape_id": "309000024"}, "geometry": {"type": "LineString", "coordinates": [[-87.66769798, 42.01467084], [-87.66718909, 42.01422277]]}}, {"type": "Feature", "properties": {"route_id": "P", "route_long_name": "Purple Line", "route_color": "#522398", "route_text_color": "#FFFFFF", "shape_id": "309000024"}, "geometry": {"type": "LineString", "coordinates": [[-87.66718909, 42.01422277], [-87.66689628, 42.01388965]]}}, {"type": "Feature", "properties": {"route_id": "P", "route_long_name": "Purple Line", "route_color": "#522398", "route_text_color": "#FFFFFF", "shape_id": "309000024"}, "geometry": {"type": "LineString", "coordinates": [[-87.66689628, 42.01388965], [-87.66664051, 42.01355674]]}}, {"type": "Feature", "properties": {"route_id": "P", "route_long_name": "Purple Line", "route_color": "#522398", "route_text_color": "#FFFFFF", "shape_id": "309000024"}, "geometry": {"type": "LineString", "coordinates": [[-87.66664051, 42.01355674], [-87.66630395, 42.0129817]]}}, {"type": "Feature", "properties": {"route_id": "P", "route_long_name": "Purple Line", "route_color": "#522398", "route_text_color": "#FFFFFF", "shape_id": "309000024"}, "geometry": {"type": "LineString", "coordinates": [[-87.66630395, 42.0129817], [-87.66613201, 42.01260094]]}}, {"type": "Feature", "properties": {"route_id": "P", "route_long_name": "Purple Line", "route_color": "#522398", "route_text_color": "#FFFFFF", "shape_id": "309000024"}, "geometry": {"type": "LineString", "coordinates": [[-87.66613201, 42.01260094], [-87.66606134, 42.012276]]}}, {"type": "Feature", "properties": {"route_id": "P", "route_long_name": "Purple Line", "route_color": "#522398", "route_text_color": "#FFFFFF", "shape_id": "309000024"}, "geometry": {"type": "LineString", "coordinates": [[-87.66606134, 42.012276], [-87.6660196, 42.01184076]]}}, {"type": "Feature", "properties": {"route_id": "P", "route_long_name": "Purple Line", "route_color": "#522398", "route_text_color": "#FFFFFF", "shape_id": "309000024"}, "geometry": {"type": "LineString", "coordinates": [[-87.6660196, 42.01184076], [-87.66597704, 42.01059767]]}}, {"type": "Feature", "properties": {"route_id": "P", "route_long_name": "Purple Line", "route_color": "#522398", "route_text_color": "#FFFFFF", "shape_id": "309000024"}, "geometry": {"type": "LineString", "coordinates": [[-87.66597704, 42.01059767], [-87.66591486, 42.00836969]]}}, {"type": "Feature", "properties": {"route_id": "P", "route_long_name": "Purple Line", "route_color": "#522398", "route_text_color": "#FFFFFF", "shape_id": "309000024"}, "geometry": {"type": "LineString", "coordinates": [[-87.66591486, 42.00836969], [-87.66583738, 42.00687393]]}}, {"type": "Feature", "properties": {"route_id": "P", "route_long_name": "Purple Line", "route_color": "#522398", "route_text_color": "#FFFFFF", "shape_id": "309000024"}, "geometry": {"type": "LineString", "coordinates": [[-87.66583738, 42.00687393], [-87.66577548, 42.00619233]]}}, {"type": "Feature", "properties": {"route_id": "P", "route_long_name": "Purple Line", "route_color": "#522398", "route_text_color": "#FFFFFF", "shape_id": "309000024"}, "geometry": {"type": "LineString", "coordinates": [[-87.66577548, 42.00619233], [-87.66571824, 42.00586755]]}}, {"type": "Feature", "properties": {"route_id": "P", "route_long_name": "Purple Line", "route_color": "#522398", "route_text_color": "#FFFFFF", "shape_id": "309000024"}, "geometry": {"type": "LineString", "coordinates": [[-87.66571824, 42.00586755], [-87.66553138, 42.00525755]]}}, {"type": "Feature", "properties": {"route_id": "P", "route_long_name": "Purple Line", "route_color": "#522398", "route_text_color": "#FFFFFF", "shape_id": "309000024"}, "geometry": {"type": "LineString", "coordinates": [[-87.66553138, 42.00525755], [-87.66527697, 42.00467313]]}}, {"type": "Feature", "properties": {"route_id": "P", "route_long_name": "Purple Line", "route_color": "#522398", "route_text_color": "#FFFFFF", "shape_id": "309000024"}, "geometry": {"type": "LineString", "coordinates": [[-87.66527697, 42.00467313], [-87.66500487, 42.00415573]]}}, {"type": "Feature", "properties": {"route_id": "P", "route_long_name": "Purple Line", "route_color": "#522398", "route_text_color": "#FFFFFF", "shape_id": "309000024"}, "geometry": {"type": "LineString", "coordinates": [[-87.66500487, 42.00415573], [-87.66477402, 42.00382323]]}}, {"type": "Feature", "properties": {"route_id": "P", "route_long_name": "Purple Line", "route_color": "#522398", "route_text_color": "#FFFFFF", "shape_id": "309000024"}, "geometry": {"type": "LineString", "coordinates": [[-87.66477402, 42.00382323], [-87.6644812, 42.00348793]]}}, {"type": "Feature", "properties": {"route_id": "P", "route_long_name": "Purple Line", "route_color": "#522398", "route_text_color": "#FFFFFF", "shape_id": "309000024"}, "geometry": {"type": "LineString", "coordinates": [[-87.6644812, 42.00348793], [-87.66404806, 42.00308916]]}}, {"type": "Feature", "properties": {"route_id": "P", "route_long_name": "Purple Line", "route_color": "#522398", "route_text_color": "#FFFFFF", "shape_id": "309000024"}, "geometry": {"type": "LineString", "coordinates": [[-87.66404806, 42.00308916], [-87.66346757, 42.00264578]]}}, {"type": "Feature", "properties": {"route_id": "P", "route_long_name": "Purple Line", "route_color": "#522398", "route_text_color": "#FFFFFF", "shape_id": "309000024"}, "geometry": {"type": "LineString", "coordinates": [[-87.66346757, 42.00264578], [-87.66343646, 42.00262572]]}}, {"type": "Feature", "properties": {"route_id": "P", "route_long_name": "Purple Line", "route_color": "#522398", "route_text_color": "#FFFFFF", "shape_id": "309000024"}, "geometry": {"type": "LineString", "coordinates": [[-87.66343646, 42.00262572], [-87.6628863, 42.00227308]]}}, {"type": "Feature", "properties": {"route_id": "P", "route_long_name": "Purple Line", "route_color": "#522398", "route_text_color": "#FFFFFF", "shape_id": "309000024"}, "geometry": {"type": "LineString", "coordinates": [[-87.6628863, 42.00227308], [-87.66225499, 42.00187675]]}}, {"type": "Feature", "properties": {"route_id": "P", "route_long_name": "Purple Line", "route_color": "#522398", "route_text_color": "#FFFFFF", "shape_id": "309000024"}, "geometry": {"type": "LineString", "coordinates": [[-87.66225499, 42.00187675], [-87.66166325, 42.00153284]]}}, {"type": "Feature", "properties": {"route_id": "P", "route_long_name": "Purple Line", "route_color": "#522398", "route_text_color": "#FFFFFF", "shape_id": "309000024"}, "geometry": {"type": "LineString", "coordinates": [[-87.66166325, 42.00153284], [-87.66142601, 42.00137464]]}}, {"type": "Feature", "properties": {"route_id": "P", "route_long_name": "Purple Line", "route_color": "#522398", "route_text_color": "#FFFFFF", "shape_id": "309000024"}, "geometry": {"type": "LineString", "coordinates": [[-87.66142601, 42.00137464], [-87.66106647, 42.00108123]]}}, {"type": "Feature", "properties": {"route_id": "P", "route_long_name": "Purple Line", "route_color": "#522398", "route_text_color": "#FFFFFF", "shape_id": "309000024"}, "geometry": {"type": "LineString", "coordinates": [[-87.66106647, 42.00108123], [-87.66083355, 42.00090723]]}}, {"type": "Feature", "properties": {"route_id": "P", "route_long_name": "Purple Line", "route_color": "#522398", "route_text_color": "#FFFFFF", "shape_id": "309000024"}, "geometry": {"type": "LineString", "coordinates": [[-87.66083355, 42.00090723], [-87.66067585, 42.00076371]]}}, {"type": "Feature", "properties": {"route_id": "P", "route_long_name": "Purple Line", "route_color": "#522398", "route_text_color": "#FFFFFF", "shape_id": "309000024"}, "geometry": {"type": "LineString", "coordinates": [[-87.66067585, 42.00076371], [-87.66049767, 42.0005971]]}}, {"type": "Feature", "properties": {"route_id": "P", "route_long_name": "Purple Line", "route_color": "#522398", "route_text_color": "#FFFFFF", "shape_id": "309000024"}, "geometry": {"type": "LineString", "coordinates": [[-87.66049767, 42.0005971], [-87.66035746, 42.0004445]]}}, {"type": "Feature", "properties": {"route_id": "P", "route_long_name": "Purple Line", "route_color": "#522398", "route_text_color": "#FFFFFF", "shape_id": "309000024"}, "geometry": {"type": "LineString", "coordinates": [[-87.66035746, 42.0004445], [-87.66021735, 42.00028271]]}}, {"type": "Feature", "properties": {"route_id": "P", "route_long_name": "Purple Line", "route_color": "#522398", "route_text_color": "#FFFFFF", "shape_id": "309000024"}, "geometry": {"type": "LineString", "coordinates": [[-87.66021735, 42.00028271], [-87.66005286, 42.00009317]]}}, {"type": "Feature", "properties": {"route_id": "P", "route_long_name": "Purple Line", "route_color": "#522398", "route_text_color": "#FFFFFF", "shape_id": "309000024"}, "geometry": {"type": "LineString", "coordinates": [[-87.66005286, 42.00009317], [-87.6599008, 41.99989451]]}}, {"type": "Feature", "properties": {"route_id": "P", "route_long_name": "Purple Line", "route_color": "#522398", "route_text_color": "#FFFFFF", "shape_id": "309000024"}, "geometry": {"type": "LineString", "coordinates": [[-87.6599008, 41.99989451], [-87.65978574, 41.99969606]]}}, {"type": "Feature", "properties": {"route_id": "P", "route_long_name": "Purple Line", "route_color": "#522398", "route_text_color": "#FFFFFF", "shape_id": "309000024"}, "geometry": {"type": "LineString", "coordinates": [[-87.65978574, 41.99969606], [-87.65965276, 41.99944232]]}}, {"type": "Feature", "properties": {"route_id": "P", "route_long_name": "Purple Line", "route_color": "#522398", "route_text_color": "#FFFFFF", "shape_id": "309000024"}, "geometry": {"type": "LineString", "coordinates": [[-87.65965276, 41.99944232], [-87.65956256, 41.99922562]]}}, {"type": "Feature", "properties": {"route_id": "P", "route_long_name": "Purple Line", "route_color": "#522398", "route_text_color": "#FFFFFF", "shape_id": "309000024"}, "geometry": {"type": "LineString", "coordinates": [[-87.65956256, 41.99922562], [-87.65948474, 41.99900439]]}}, {"type": "Feature", "properties": {"route_id": "P", "route_long_name": "Purple Line", "route_color": "#522398", "route_text_color": "#FFFFFF", "shape_id": "309000024"}, "geometry": {"type": "LineString", "coordinates": [[-87.65948474, 41.99900439], [-87.65943128, 41.9988109]]}}, {"type": "Feature", "properties": {"route_id": "P", "route_long_name": "Purple Line", "route_color": "#522398", "route_text_color": "#FFFFFF", "shape_id": "309000024"}, "geometry": {"type": "LineString", "coordinates": [[-87.65943128, 41.9988109], [-87.65936055, 41.99850233]]}}, {"type": "Feature", "properties": {"route_id": "P", "route_long_name": "Purple Line", "route_color": "#522398", "route_text_color": "#FFFFFF", "shape_id": "309000024"}, "geometry": {"type": "LineString", "coordinates": [[-87.65936055, 41.99850233], [-87.65931409, 41.9982307]]}}, {"type": "Feature", "properties": {"route_id": "P", "route_long_name": "Purple Line", "route_color": "#522398", "route_text_color": "#FFFFFF", "shape_id": "309000024"}, "geometry": {"type": "LineString", "coordinates": [[-87.65931409, 41.9982307], [-87.65927345, 41.9979913]]}}, {"type": "Feature", "properties": {"route_id": "P", "route_long_name": "Purple Line", "route_color": "#522398", "route_text_color": "#FFFFFF", "shape_id": "309000024"}, "geometry": {"type": "LineString", "coordinates": [[-87.65927345, 41.9979913], [-87.65927228, 41.99751756]]}}, {"type": "Feature", "properties": {"route_id": "P", "route_long_name": "Purple Line", "route_color": "#522398", "route_text_color": "#FFFFFF", "shape_id": "309000024"}, "geometry": {"type": "LineString", "coordinates": [[-87.65927228, 41.99751756], [-87.65926296, 41.99723234]]}}, {"type": "Feature", "properties": {"route_id": "P", "route_long_name": "Purple Line", "route_color": "#522398", "route_text_color": "#FFFFFF", "shape_id": "309000024"}, "geometry": {"type": "LineString", "coordinates": [[-87.65926296, 41.99723234], [-87.65921699, 41.9963306]]}}, {"type": "Feature", "properties": {"route_id": "P", "route_long_name": "Purple Line", "route_color": "#522398", "route_text_color": "#FFFFFF", "shape_id": "309000024"}, "geometry": {"type": "LineString", "coordinates": [[-87.65921699, 41.9963306], [-87.65919495, 41.99549799]]}}, {"type": "Feature", "properties": {"route_id": "P", "route_long_name": "Purple Line", "route_color": "#522398", "route_text_color": "#FFFFFF", "shape_id": "309000024"}, "geometry": {"type": "LineString", "coordinates": [[-87.65919495, 41.99549799], [-87.6591889, 41.99464248]]}}, {"type": "Feature", "properties": {"route_id": "P", "route_long_name": "Purple Line", "route_color": "#522398", "route_text_color": "#FFFFFF", "shape_id": "309000024"}, "geometry": {"type": "LineString", "coordinates": [[-87.6591889, 41.99464248], [-87.65920805, 41.99367213]]}}, {"type": "Feature", "properties": {"route_id": "P", "route_long_name": "Purple Line", "route_color": "#522398", "route_text_color": "#FFFFFF", "shape_id": "309000024"}, "geometry": {"type": "LineString", "coordinates": [[-87.65920805, 41.99367213], [-87.65913626, 41.9923609]]}}, {"type": "Feature", "properties": {"route_id": "P", "route_long_name": "Purple Line", "route_color": "#522398", "route_text_color": "#FFFFFF", "shape_id": "309000024"}, "geometry": {"type": "LineString", "coordinates": [[-87.65913626, 41.9923609], [-87.65908655, 41.99083976]]}}, {"type": "Feature", "properties": {"route_id": "P", "route_long_name": "Purple Line", "route_color": "#522398", "route_text_color": "#FFFFFF", "shape_id": "309000024"}, "geometry": {"type": "LineString", "coordinates": [[-87.65908655, 41.99083976], [-87.65908163, 41.99026737]]}}, {"type": "Feature", "properties": {"route_id": "P", "route_long_name": "Purple Line", "route_color": "#522398", "route_text_color": "#FFFFFF", "shape_id": "309000024"}, "geometry": {"type": "LineString", "coordinates": [[-87.65908163, 41.99026737], [-87.65902018, 41.98881974]]}}, {"type": "Feature", "properties": {"route_id": "P", "route_long_name": "Purple Line", "route_color": "#522398", "route_text_color": "#FFFFFF", "shape_id": "309000024"}, "geometry": {"type": "LineString", "coordinates": [[-87.65902018, 41.98881974], [-87.65898912, 41.98760942]]}}, {"type": "Feature", "properties": {"route_id": "P", "route_long_name": "Purple Line", "route_color": "#522398", "route_text_color": "#FFFFFF", "shape_id": "309000024"}, "geometry": {"type": "LineString", "coordinates": [[-87.65898912, 41.98760942], [-87.65887936, 41.98450984]]}}, {"type": "Feature", "properties": {"route_id": "P", "route_long_name": "Purple Line", "route_color": "#522398", "route_text_color": "#FFFFFF", "shape_id": "309000024"}, "geometry": {"type": "LineString", "coordinates": [[-87.65887936, 41.98450984], [-87.65884605, 41.9835121]]}}, {"type": "Feature", "properties": {"route_id": "P", "route_long_name": "Purple Line", "route_color": "#522398", "route_text_color": "#FFFFFF", "shape_id": "309000024"}, "geometry": {"type": "LineString", "coordinates": [[-87.65884605, 41.9835121], [-87.65879782, 41.98185196]]}}, {"type": "Feature", "properties": {"route_id": "P", "route_long_name": "Purple Line", "route_color": "#522398", "route_text_color": "#FFFFFF", "shape_id": "309000024"}, "geometry": {"type": "LineString", "coordinates": [[-87.65879782, 41.98185196], [-87.65875624, 41.98060069]]}}, {"type": "Feature", "properties": {"route_id": "P", "route_long_name": "Purple Line", "route_color": "#522398", "route_text_color": "#FFFFFF", "shape_id": "309000024"}, "geometry": {"type": "LineString", "coordinates": [[-87.65875624, 41.98060069], [-87.65872216, 41.97967653]]}}, {"type": "Feature", "properties": {"route_id": "P", "route_long_name": "Purple Line", "route_color": "#522398", "route_text_color": "#FFFFFF", "shape_id": "309000024"}, "geometry": {"type": "LineString", "coordinates": [[-87.65872216, 41.97967653], [-87.65867419, 41.97799186]]}}, {"type": "Feature", "properties": {"route_id": "P", "route_long_name": "Purple Line", "route_color": "#522398", "route_text_color": "#FFFFFF", "shape_id": "309000024"}, "geometry": {"type": "LineString", "coordinates": [[-87.65867419, 41.97799186], [-87.6585937, 41.97523586]]}}, {"type": "Feature", "properties": {"route_id": "P", "route_long_name": "Purple Line", "route_color": "#522398", "route_text_color": "#FFFFFF", "shape_id": "309000024"}, "geometry": {"type": "LineString", "coordinates": [[-87.6585937, 41.97523586], [-87.65853573, 41.97346119]]}}, {"type": "Feature", "properties": {"route_id": "P", "route_long_name": "Purple Line", "route_color": "#522398", "route_text_color": "#FFFFFF", "shape_id": "309000024"}, "geometry": {"type": "LineString", "coordinates": [[-87.65853573, 41.97346119], [-87.65849398, 41.97118784]]}}, {"type": "Feature", "properties": {"route_id": "P", "route_long_name": "Purple Line", "route_color": "#522398", "route_text_color": "#FFFFFF", "shape_id": "309000024"}, "geometry": {"type": "LineString", "coordinates": [[-87.65849398, 41.97118784], [-87.65849873, 41.96914681]]}}, {"type": "Feature", "properties": {"route_id": "P", "route_long_name": "Purple Line", "route_color": "#522398", "route_text_color": "#FFFFFF", "shape_id": "309000024"}, "geometry": {"type": "LineString", "coordinates": [[-87.65849873, 41.96914681], [-87.65847134, 41.96838401]]}}, {"type": "Feature", "properties": {"route_id": "P", "route_long_name": "Purple Line", "route_color": "#522398", "route_text_color": "#FFFFFF", "shape_id": "309000024"}, "geometry": {"type": "LineString", "coordinates": [[-87.65847134, 41.96838401], [-87.65842786, 41.96746683]]}}, {"type": "Feature", "properties": {"route_id": "P", "route_long_name": "Purple Line", "route_color": "#522398", "route_text_color": "#FFFFFF", "shape_id": "309000024"}, "geometry": {"type": "LineString", "coordinates": [[-87.65842786, 41.96746683], [-87.65839005, 41.96688937]]}}, {"type": "Feature", "properties": {"route_id": "P", "route_long_name": "Purple Line", "route_color": "#522398", "route_text_color": "#FFFFFF", "shape_id": "309000024"}, "geometry": {"type": "LineString", "coordinates": [[-87.65839005, 41.96688937], [-87.65836435, 41.96669789]]}}, {"type": "Feature", "properties": {"route_id": "P", "route_long_name": "Purple Line", "route_color": "#522398", "route_text_color": "#FFFFFF", "shape_id": "309000024"}, "geometry": {"type": "LineString", "coordinates": [[-87.65836435, 41.96669789], [-87.65832475, 41.9665115]]}}, {"type": "Feature", "properties": {"route_id": "P", "route_long_name": "Purple Line", "route_color": "#522398", "route_text_color": "#FFFFFF", "shape_id": "309000024"}, "geometry": {"type": "LineString", "coordinates": [[-87.65832475, 41.9665115], [-87.65819611, 41.96622633]]}}, {"type": "Feature", "properties": {"route_id": "P", "route_long_name": "Purple Line", "route_color": "#522398", "route_text_color": "#FFFFFF", "shape_id": "309000024"}, "geometry": {"type": "LineString", "coordinates": [[-87.65819611, 41.96622633], [-87.6580271, 41.96582716]]}}, {"type": "Feature", "properties": {"route_id": "P", "route_long_name": "Purple Line", "route_color": "#522398", "route_text_color": "#FFFFFF", "shape_id": "309000024"}, "geometry": {"type": "LineString", "coordinates": [[-87.6580271, 41.96582716], [-87.65759328, 41.96428056]]}}, {"type": "Feature", "properties": {"route_id": "P", "route_long_name": "Purple Line", "route_color": "#522398", "route_text_color": "#FFFFFF", "shape_id": "309000024"}, "geometry": {"type": "LineString", "coordinates": [[-87.65759328, 41.96428056], [-87.65756924, 41.96397833]]}}, {"type": "Feature", "properties": {"route_id": "P", "route_long_name": "Purple Line", "route_color": "#522398", "route_text_color": "#FFFFFF", "shape_id": "309000024"}, "geometry": {"type": "LineString", "coordinates": [[-87.65756924, 41.96397833], [-87.65700442, 41.96182205]]}}, {"type": "Feature", "properties": {"route_id": "P", "route_long_name": "Purple Line", "route_color": "#522398", "route_text_color": "#FFFFFF", "shape_id": "309000024"}, "geometry": {"type": "LineString", "coordinates": [[-87.65700442, 41.96182205], [-87.65689585, 41.95861858]]}}, {"type": "Feature", "properties": {"route_id": "P", "route_long_name": "Purple Line", "route_color": "#522398", "route_text_color": "#FFFFFF", "shape_id": "309000024"}, "geometry": {"type": "LineString", "coordinates": [[-87.65689585, 41.95861858], [-87.65684249, 41.95693046]]}}, {"type": "Feature", "properties": {"route_id": "P", "route_long_name": "Purple Line", "route_color": "#522398", "route_text_color": "#FFFFFF", "shape_id": "309000024"}, "geometry": {"type": "LineString", "coordinates": [[-87.65684249, 41.95693046], [-87.65677479, 41.95491444]]}}, {"type": "Feature", "properties": {"route_id": "P", "route_long_name": "Purple Line", "route_color": "#522398", "route_text_color": "#FFFFFF", "shape_id": "309000024"}, "geometry": {"type": "LineString", "coordinates": [[-87.65677479, 41.95491444], [-87.65674443, 41.95441811]]}}, {"type": "Feature", "properties": {"route_id": "P", "route_long_name": "Purple Line", "route_color": "#522398", "route_text_color": "#FFFFFF", "shape_id": "309000024"}, "geometry": {"type": "LineString", "coordinates": [[-87.65674443, 41.95441811], [-87.6567456, 41.95430736]]}}, {"type": "Feature", "properties": {"route_id": "P", "route_long_name": "Purple Line", "route_color": "#522398", "route_text_color": "#FFFFFF", "shape_id": "309000024"}, "geometry": {"type": "LineString", "coordinates": [[-87.6567456, 41.95430736], [-87.65672327, 41.95417434]]}}, {"type": "Feature", "properties": {"route_id": "P", "route_long_name": "Purple Line", "route_color": "#522398", "route_text_color": "#FFFFFF", "shape_id": "309000024"}, "geometry": {"type": "LineString", "coordinates": [[-87.65672327, 41.95417434], [-87.65665337, 41.95404989]]}}, {"type": "Feature", "properties": {"route_id": "P", "route_long_name": "Purple Line", "route_color": "#522398", "route_text_color": "#FFFFFF", "shape_id": "309000024"}, "geometry": {"type": "LineString", "coordinates": [[-87.65665337, 41.95404989], [-87.65657109, 41.95397409]]}}, {"type": "Feature", "properties": {"route_id": "P", "route_long_name": "Purple Line", "route_color": "#522398", "route_text_color": "#FFFFFF", "shape_id": "309000024"}, "geometry": {"type": "LineString", "coordinates": [[-87.65657109, 41.95397409], [-87.65647114, 41.95388491]]}}, {"type": "Feature", "properties": {"route_id": "P", "route_long_name": "Purple Line", "route_color": "#522398", "route_text_color": "#FFFFFF", "shape_id": "309000024"}, "geometry": {"type": "LineString", "coordinates": [[-87.65647114, 41.95388491], [-87.65635326, 41.9538089]]}}, {"type": "Feature", "properties": {"route_id": "P", "route_long_name": "Purple Line", "route_color": "#522398", "route_text_color": "#FFFFFF", "shape_id": "309000024"}, "geometry": {"type": "LineString", "coordinates": [[-87.65635326, 41.9538089], [-87.65624079, 41.95378166]]}}, {"type": "Feature", "properties": {"route_id": "P", "route_long_name": "Purple Line", "route_color": "#522398", "route_text_color": "#FFFFFF", "shape_id": "309000024"}, "geometry": {"type": "LineString", "coordinates": [[-87.65624079, 41.95378166], [-87.65606879, 41.95377178]]}}, {"type": "Feature", "properties": {"route_id": "P", "route_long_name": "Purple Line", "route_color": "#522398", "route_text_color": "#FFFFFF", "shape_id": "309000024"}, "geometry": {"type": "LineString", "coordinates": [[-87.65606879, 41.95377178], [-87.6555762, 41.95377331]]}}, {"type": "Feature", "properties": {"route_id": "P", "route_long_name": "Purple Line", "route_color": "#522398", "route_text_color": "#FFFFFF", "shape_id": "309000024"}, "geometry": {"type": "LineString", "coordinates": [[-87.6555762, 41.95377331], [-87.65493516, 41.95378281]]}}, {"type": "Feature", "properties": {"route_id": "P", "route_long_name": "Purple Line", "route_color": "#522398", "route_text_color": "#FFFFFF", "shape_id": "309000024"}, "geometry": {"type": "LineString", "coordinates": [[-87.65493516, 41.95378281], [-87.65431225, 41.95376141]]}}, {"type": "Feature", "properties": {"route_id": "P", "route_long_name": "Purple Line", "route_color": "#522398", "route_text_color": "#FFFFFF", "shape_id": "309000024"}, "geometry": {"type": "LineString", "coordinates": [[-87.65431225, 41.95376141], [-87.65408439, 41.9537419]]}}, {"type": "Feature", "properties": {"route_id": "P", "route_long_name": "Purple Line", "route_color": "#522398", "route_text_color": "#FFFFFF", "shape_id": "309000024"}, "geometry": {"type": "LineString", "coordinates": [[-87.65408439, 41.9537419], [-87.65394484, 41.95371051]]}}, {"type": "Feature", "properties": {"route_id": "P", "route_long_name": "Purple Line", "route_color": "#522398", "route_text_color": "#FFFFFF", "shape_id": "309000024"}, "geometry": {"type": "LineString", "coordinates": [[-87.65394484, 41.95371051], [-87.65385644, 41.95365239]]}}, {"type": "Feature", "properties": {"route_id": "P", "route_long_name": "Purple Line", "route_color": "#522398", "route_text_color": "#FFFFFF", "shape_id": "309000024"}, "geometry": {"type": "LineString", "coordinates": [[-87.65385644, 41.95365239], [-87.65379182, 41.95358999]]}}, {"type": "Feature", "properties": {"route_id": "P", "route_long_name": "Purple Line", "route_color": "#522398", "route_text_color": "#FFFFFF", "shape_id": "309000024"}, "geometry": {"type": "LineString", "coordinates": [[-87.65379182, 41.95358999], [-87.65373912, 41.95352323]]}}, {"type": "Feature", "properties": {"route_id": "P", "route_long_name": "Purple Line", "route_color": "#522398", "route_text_color": "#FFFFFF", "shape_id": "309000024"}, "geometry": {"type": "LineString", "coordinates": [[-87.65373912, 41.95352323], [-87.65369848, 41.95343882]]}}, {"type": "Feature", "properties": {"route_id": "P", "route_long_name": "Purple Line", "route_color": "#522398", "route_text_color": "#FFFFFF", "shape_id": "309000024"}, "geometry": {"type": "LineString", "coordinates": [[-87.65369848, 41.95343882], [-87.65369045, 41.95332815]]}}, {"type": "Feature", "properties": {"route_id": "P", "route_long_name": "Purple Line", "route_color": "#522398", "route_text_color": "#FFFFFF", "shape_id": "309000024"}, "geometry": {"type": "LineString", "coordinates": [[-87.65369045, 41.95332815], [-87.65367735, 41.9531194]]}}, {"type": "Feature", "properties": {"route_id": "P", "route_long_name": "Purple Line", "route_color": "#522398", "route_text_color": "#FFFFFF", "shape_id": "309000024"}, "geometry": {"type": "LineString", "coordinates": [[-87.65367735, 41.9531194], [-87.65363169, 41.95246384]]}}, {"type": "Feature", "properties": {"route_id": "P", "route_long_name": "Purple Line", "route_color": "#522398", "route_text_color": "#FFFFFF", "shape_id": "309000024"}, "geometry": {"type": "LineString", "coordinates": [[-87.65363169, 41.95246384], [-87.65366625, 41.95200333]]}}, {"type": "Feature", "properties": {"route_id": "P", "route_long_name": "Purple Line", "route_color": "#522398", "route_text_color": "#FFFFFF", "shape_id": "309000024"}, "geometry": {"type": "LineString", "coordinates": [[-87.65366625, 41.95200333], [-87.65366408, 41.95109075]]}}, {"type": "Feature", "properties": {"route_id": "P", "route_long_name": "Purple Line", "route_color": "#522398", "route_text_color": "#FFFFFF", "shape_id": "309000024"}, "geometry": {"type": "LineString", "coordinates": [[-87.65366408, 41.95109075], [-87.6536514, 41.95060781]]}}, {"type": "Feature", "properties": {"route_id": "P", "route_long_name": "Purple Line", "route_color": "#522398", "route_text_color": "#FFFFFF", "shape_id": "309000024"}, "geometry": {"type": "LineString", "coordinates": [[-87.6536514, 41.95060781], [-87.65364131, 41.94820673]]}}, {"type": "Feature", "properties": {"route_id": "P", "route_long_name": "Purple Line", "route_color": "#522398", "route_text_color": "#FFFFFF", "shape_id": "309000024"}, "geometry": {"type": "LineString", "coordinates": [[-87.65364131, 41.94820673], [-87.6536317, 41.94743586]]}}, {"type": "Feature", "properties": {"route_id": "P", "route_long_name": "Purple Line", "route_color": "#522398", "route_text_color": "#FFFFFF", "shape_id": "309000024"}, "geometry": {"type": "LineString", "coordinates": [[-87.6536317, 41.94743586], [-87.65362552, 41.9468998]]}}, {"type": "Feature", "properties": {"route_id": "P", "route_long_name": "Purple Line", "route_color": "#522398", "route_text_color": "#FFFFFF", "shape_id": "309000024"}, "geometry": {"type": "LineString", "coordinates": [[-87.65362552, 41.9468998], [-87.6535406, 41.94539755]]}}, {"type": "Feature", "properties": {"route_id": "P", "route_long_name": "Purple Line", "route_color": "#522398", "route_text_color": "#FFFFFF", "shape_id": "309000024"}, "geometry": {"type": "LineString", "coordinates": [[-87.6535406, 41.94539755], [-87.65352063, 41.94448486]]}}, {"type": "Feature", "properties": {"route_id": "P", "route_long_name": "Purple Line", "route_color": "#522398", "route_text_color": "#FFFFFF", "shape_id": "309000024"}, "geometry": {"type": "LineString", "coordinates": [[-87.65352063, 41.94448486], [-87.65348046, 41.94435616]]}}, {"type": "Feature", "properties": {"route_id": "P", "route_long_name": "Purple Line", "route_color": "#522398", "route_text_color": "#FFFFFF", "shape_id": "309000024"}, "geometry": {"type": "LineString", "coordinates": [[-87.65348046, 41.94435616], [-87.65342852, 41.94421852]]}}, {"type": "Feature", "properties": {"route_id": "P", "route_long_name": "Purple Line", "route_color": "#522398", "route_text_color": "#FFFFFF", "shape_id": "309000024"}, "geometry": {"type": "LineString", "coordinates": [[-87.65342852, 41.94421852], [-87.65342414, 41.94407231]]}}, {"type": "Feature", "properties": {"route_id": "P", "route_long_name": "Purple Line", "route_color": "#522398", "route_text_color": "#FFFFFF", "shape_id": "309000024"}, "geometry": {"type": "LineString", "coordinates": [[-87.65342414, 41.94407231], [-87.65340817, 41.94389945]]}}, {"type": "Feature", "properties": {"route_id": "P", "route_long_name": "Purple Line", "route_color": "#522398", "route_text_color": "#FFFFFF", "shape_id": "309000024"}, "geometry": {"type": "LineString", "coordinates": [[-87.65340817, 41.94389945], [-87.65339376, 41.9435804]]}}, {"type": "Feature", "properties": {"route_id": "P", "route_long_name": "Purple Line", "route_color": "#522398", "route_text_color": "#FFFFFF", "shape_id": "309000024"}, "geometry": {"type": "LineString", "coordinates": [[-87.65339376, 41.9435804], [-87.65336833, 41.94318156]]}}, {"type": "Feature", "properties": {"route_id": "P", "route_long_name": "Purple Line", "route_color": "#522398", "route_text_color": "#FFFFFF", "shape_id": "309000024"}, "geometry": {"type": "LineString", "coordinates": [[-87.65336833, 41.94318156], [-87.6533833, 41.94288927]]}}, {"type": "Feature", "properties": {"route_id": "P", "route_long_name": "Purple Line", "route_color": "#522398", "route_text_color": "#FFFFFF", "shape_id": "309000024"}, "geometry": {"type": "LineString", "coordinates": [[-87.6533833, 41.94288927], [-87.65340322, 41.94269004]]}}, {"type": "Feature", "properties": {"route_id": "P", "route_long_name": "Purple Line", "route_color": "#522398", "route_text_color": "#FFFFFF", "shape_id": "309000024"}, "geometry": {"type": "LineString", "coordinates": [[-87.65340322, 41.94269004], [-87.65343025, 41.94238011]]}}, {"type": "Feature", "properties": {"route_id": "P", "route_long_name": "Purple Line", "route_color": "#522398", "route_text_color": "#FFFFFF", "shape_id": "309000024"}, "geometry": {"type": "LineString", "coordinates": [[-87.65343025, 41.94238011], [-87.65345968, 41.94218468]]}}, {"type": "Feature", "properties": {"route_id": "P", "route_long_name": "Purple Line", "route_color": "#522398", "route_text_color": "#FFFFFF", "shape_id": "309000024"}, "geometry": {"type": "LineString", "coordinates": [[-87.65345968, 41.94218468], [-87.65338625, 41.93975861]]}}, {"type": "Feature", "properties": {"route_id": "P", "route_long_name": "Purple Line", "route_color": "#522398", "route_text_color": "#FFFFFF", "shape_id": "309000024"}, "geometry": {"type": "LineString", "coordinates": [[-87.65338625, 41.93975861], [-87.65338068, 41.93939549]]}}, {"type": "Feature", "properties": {"route_id": "P", "route_long_name": "Purple Line", "route_color": "#522398", "route_text_color": "#FFFFFF", "shape_id": "309000024"}, "geometry": {"type": "LineString", "coordinates": [[-87.65338068, 41.93939549], [-87.65337365, 41.93893662]]}}, {"type": "Feature", "properties": {"route_id": "P", "route_long_name": "Purple Line", "route_color": "#522398", "route_text_color": "#FFFFFF", "shape_id": "309000024"}, "geometry": {"type": "LineString", "coordinates": [[-87.65337365, 41.93893662], [-87.65336938, 41.93865814]]}}, {"type": "Feature", "properties": {"route_id": "P", "route_long_name": "Purple Line", "route_color": "#522398", "route_text_color": "#FFFFFF", "shape_id": "309000024"}, "geometry": {"type": "LineString", "coordinates": [[-87.65336938, 41.93865814], [-87.65333158, 41.93764005]]}}, {"type": "Feature", "properties": {"route_id": "P", "route_long_name": "Purple Line", "route_color": "#522398", "route_text_color": "#FFFFFF", "shape_id": "309000024"}, "geometry": {"type": "LineString", "coordinates": [[-87.65333158, 41.93764005], [-87.65331441, 41.93717744]]}}, {"type": "Feature", "properties": {"route_id": "P", "route_long_name": "Purple Line", "route_color": "#522398", "route_text_color": "#FFFFFF", "shape_id": "309000024"}, "geometry": {"type": "LineString", "coordinates": [[-87.65331441, 41.93717744], [-87.6532809, 41.93627449]]}}, {"type": "Feature", "properties": {"route_id": "P", "route_long_name": "Purple Line", "route_color": "#522398", "route_text_color": "#FFFFFF", "shape_id": "309000024"}, "geometry": {"type": "LineString", "coordinates": [[-87.6532809, 41.93627449], [-87.65327221, 41.93604047]]}}, {"type": "Feature", "properties": {"route_id": "P", "route_long_name": "Purple Line", "route_color": "#522398", "route_text_color": "#FFFFFF", "shape_id": "309000024"}, "geometry": {"type": "LineString", "coordinates": [[-87.65327221, 41.93604047], [-87.65324069, 41.9353278]]}}, {"type": "Feature", "properties": {"route_id": "P", "route_long_name": "Purple Line", "route_color": "#522398", "route_text_color": "#FFFFFF", "shape_id": "309000024"}, "geometry": {"type": "LineString", "coordinates": [[-87.65324069, 41.9353278], [-87.65322253, 41.93491807]]}}, {"type": "Feature", "properties": {"route_id": "P", "route_long_name": "Purple Line", "route_color": "#522398", "route_text_color": "#FFFFFF", "shape_id": "309000024"}, "geometry": {"type": "LineString", "coordinates": [[-87.65322253, 41.93491807], [-87.65320224, 41.93445997]]}}, {"type": "Feature", "properties": {"route_id": "P", "route_long_name": "Purple Line", "route_color": "#522398", "route_text_color": "#FFFFFF", "shape_id": "309000024"}, "geometry": {"type": "LineString", "coordinates": [[-87.65320224, 41.93445997], [-87.65314307, 41.93312462]]}}, {"type": "Feature", "properties": {"route_id": "P", "route_long_name": "Purple Line", "route_color": "#522398", "route_text_color": "#FFFFFF", "shape_id": "309000024"}, "geometry": {"type": "LineString", "coordinates": [[-87.65314307, 41.93312462], [-87.65313662, 41.93273936]]}}, {"type": "Feature", "properties": {"route_id": "P", "route_long_name": "Purple Line", "route_color": "#522398", "route_text_color": "#FFFFFF", "shape_id": "309000024"}, "geometry": {"type": "LineString", "coordinates": [[-87.65313662, 41.93273936], [-87.65310161, 41.93218483]]}}, {"type": "Feature", "properties": {"route_id": "P", "route_long_name": "Purple Line", "route_color": "#522398", "route_text_color": "#FFFFFF", "shape_id": "309000024"}, "geometry": {"type": "LineString", "coordinates": [[-87.65310161, 41.93218483], [-87.65307613, 41.93152254]]}}, {"type": "Feature", "properties": {"route_id": "P", "route_long_name": "Purple Line", "route_color": "#522398", "route_text_color": "#FFFFFF", "shape_id": "309000024"}, "geometry": {"type": "LineString", "coordinates": [[-87.65307613, 41.93152254], [-87.65305256, 41.9309096]]}}, {"type": "Feature", "properties": {"route_id": "P", "route_long_name": "Purple Line", "route_color": "#522398", "route_text_color": "#FFFFFF", "shape_id": "309000024"}, "geometry": {"type": "LineString", "coordinates": [[-87.65305256, 41.9309096], [-87.65302948, 41.93030959]]}}, {"type": "Feature", "properties": {"route_id": "P", "route_long_name": "Purple Line", "route_color": "#522398", "route_text_color": "#FFFFFF", "shape_id": "309000024"}, "geometry": {"type": "LineString", "coordinates": [[-87.65302948, 41.93030959], [-87.65299894, 41.92951536]]}}, {"type": "Feature", "properties": {"route_id": "P", "route_long_name": "Purple Line", "route_color": "#522398", "route_text_color": "#FFFFFF", "shape_id": "309000024"}, "geometry": {"type": "LineString", "coordinates": [[-87.65299894, 41.92951536], [-87.65296799, 41.92871064]]}}, {"type": "Feature", "properties": {"route_id": "P", "route_long_name": "Purple Line", "route_color": "#522398", "route_text_color": "#FFFFFF", "shape_id": "309000024"}, "geometry": {"type": "LineString", "coordinates": [[-87.65296799, 41.92871064], [-87.65296055, 41.92842599]]}}, {"type": "Feature", "properties": {"route_id": "P", "route_long_name": "Purple Line", "route_color": "#522398", "route_text_color": "#FFFFFF", "shape_id": "309000024"}, "geometry": {"type": "LineString", "coordinates": [[-87.65296055, 41.92842599], [-87.6529412, 41.92768595]]}}, {"type": "Feature", "properties": {"route_id": "P", "route_long_name": "Purple Line", "route_color": "#522398", "route_text_color": "#FFFFFF", "shape_id": "309000024"}, "geometry": {"type": "LineString", "coordinates": [[-87.6529412, 41.92768595], [-87.65292736, 41.92715665]]}}, {"type": "Feature", "properties": {"route_id": "P", "route_long_name": "Purple Line", "route_color": "#522398", "route_text_color": "#FFFFFF", "shape_id": "309000024"}, "geometry": {"type": "LineString", "coordinates": [[-87.65292736, 41.92715665], [-87.65289711, 41.92599911]]}}, {"type": "Feature", "properties": {"route_id": "P", "route_long_name": "Purple Line", "route_color": "#522398", "route_text_color": "#FFFFFF", "shape_id": "309000024"}, "geometry": {"type": "LineString", "coordinates": [[-87.65289711, 41.92599911], [-87.65288083, 41.92537635]]}}, {"type": "Feature", "properties": {"route_id": "P", "route_long_name": "Purple Line", "route_color": "#522398", "route_text_color": "#FFFFFF", "shape_id": "309000024"}, "geometry": {"type": "LineString", "coordinates": [[-87.65288083, 41.92537635], [-87.6528716, 41.92505923]]}}, {"type": "Feature", "properties": {"route_id": "P", "route_long_name": "Purple Line", "route_color": "#522398", "route_text_color": "#FFFFFF", "shape_id": "309000024"}, "geometry": {"type": "LineString", "coordinates": [[-87.6528716, 41.92505923], [-87.65282296, 41.92353018]]}}, {"type": "Feature", "properties": {"route_id": "P", "route_long_name": "Purple Line", "route_color": "#522398", "route_text_color": "#FFFFFF", "shape_id": "309000024"}, "geometry": {"type": "LineString", "coordinates": [[-87.65282296, 41.92353018], [-87.65276564, 41.92172606]]}}, {"type": "Feature", "properties": {"route_id": "P", "route_long_name": "Purple Line", "route_color": "#522398", "route_text_color": "#FFFFFF", "shape_id": "309000024"}, "geometry": {"type": "LineString", "coordinates": [[-87.65276564, 41.92172606], [-87.6527469, 41.92113642]]}}, {"type": "Feature", "properties": {"route_id": "P", "route_long_name": "Purple Line", "route_color": "#522398", "route_text_color": "#FFFFFF", "shape_id": "309000024"}, "geometry": {"type": "LineString", "coordinates": [[-87.6527469, 41.92113642], [-87.65265007, 41.91822443]]}}, {"type": "Feature", "properties": {"route_id": "P", "route_long_name": "Purple Line", "route_color": "#522398", "route_text_color": "#FFFFFF", "shape_id": "309000024"}, "geometry": {"type": "LineString", "coordinates": [[-87.65265007, 41.91822443], [-87.65264558, 41.91808958]]}}, {"type": "Feature", "properties": {"route_id": "P", "route_long_name": "Purple Line", "route_color": "#522398", "route_text_color": "#FFFFFF", "shape_id": "309000024"}, "geometry": {"type": "LineString", "coordinates": [[-87.65264558, 41.91808958], [-87.65263065, 41.91764042]]}}, {"type": "Feature", "properties": {"route_id": "P", "route_long_name": "Purple Line", "route_color": "#522398", "route_text_color": "#FFFFFF", "shape_id": "309000024"}, "geometry": {"type": "LineString", "coordinates": [[-87.65263065, 41.91764042], [-87.65261557, 41.91718721]]}}, {"type": "Feature", "properties": {"route_id": "P", "route_long_name": "Purple Line", "route_color": "#522398", "route_text_color": "#FFFFFF", "shape_id": "309000024"}, "geometry": {"type": "LineString", "coordinates": [[-87.65261557, 41.91718721], [-87.65255411, 41.91563365]]}}, {"type": "Feature", "properties": {"route_id": "P", "route_long_name": "Purple Line", "route_color": "#522398", "route_text_color": "#FFFFFF", "shape_id": "309000024"}, "geometry": {"type": "LineString", "coordinates": [[-87.65255411, 41.91563365], [-87.65250619, 41.91406733]]}}, {"type": "Feature", "properties": {"route_id": "P", "route_long_name": "Purple Line", "route_color": "#522398", "route_text_color": "#FFFFFF", "shape_id": "309000024"}, "geometry": {"type": "LineString", "coordinates": [[-87.65250619, 41.91406733], [-87.65242762, 41.91377308]]}}, {"type": "Feature", "properties": {"route_id": "P", "route_long_name": "Purple Line", "route_color": "#522398", "route_text_color": "#FFFFFF", "shape_id": "309000024"}, "geometry": {"type": "LineString", "coordinates": [[-87.65242762, 41.91377308], [-87.6523498, 41.91362647]]}}, {"type": "Feature", "properties": {"route_id": "P", "route_long_name": "Purple Line", "route_color": "#522398", "route_text_color": "#FFFFFF", "shape_id": "309000024"}, "geometry": {"type": "LineString", "coordinates": [[-87.6523498, 41.91362647], [-87.65223417, 41.91351494]]}}, {"type": "Feature", "properties": {"route_id": "P", "route_long_name": "Purple Line", "route_color": "#522398", "route_text_color": "#FFFFFF", "shape_id": "309000024"}, "geometry": {"type": "LineString", "coordinates": [[-87.65223417, 41.91351494], [-87.65208388, 41.91339614]]}}, {"type": "Feature", "properties": {"route_id": "P", "route_long_name": "Purple Line", "route_color": "#522398", "route_text_color": "#FFFFFF", "shape_id": "309000024"}, "geometry": {"type": "LineString", "coordinates": [[-87.65208388, 41.91339614], [-87.65183313, 41.91322486]]}}, {"type": "Feature", "properties": {"route_id": "P", "route_long_name": "Purple Line", "route_color": "#522398", "route_text_color": "#FFFFFF", "shape_id": "309000024"}, "geometry": {"type": "LineString", "coordinates": [[-87.65183313, 41.91322486], [-87.65093199, 41.91260872]]}}, {"type": "Feature", "properties": {"route_id": "P", "route_long_name": "Purple Line", "route_color": "#522398", "route_text_color": "#FFFFFF", "shape_id": "309000024"}, "geometry": {"type": "LineString", "coordinates": [[-87.65093199, 41.91260872], [-87.65017403, 41.91203824]]}}, {"type": "Feature", "properties": {"route_id": "P", "route_long_name": "Purple Line", "route_color": "#522398", "route_text_color": "#FFFFFF", "shape_id": "309000024"}, "geometry": {"type": "LineString", "coordinates": [[-87.65017403, 41.91203824], [-87.64985449, 41.91180523]]}}, {"type": "Feature", "properties": {"route_id": "P", "route_long_name": "Purple Line", "route_color": "#522398", "route_text_color": "#FFFFFF", "shape_id": "309000024"}, "geometry": {"type": "LineString", "coordinates": [[-87.64985449, 41.91180523], [-87.64971962, 41.91172188]]}}, {"type": "Feature", "properties": {"route_id": "P", "route_long_name": "Purple Line", "route_color": "#522398", "route_text_color": "#FFFFFF", "shape_id": "309000024"}, "geometry": {"type": "LineString", "coordinates": [[-87.64971962, 41.91172188], [-87.64957197, 41.91165262]]}}, {"type": "Feature", "properties": {"route_id": "P", "route_long_name": "Purple Line", "route_color": "#522398", "route_text_color": "#FFFFFF", "shape_id": "309000024"}, "geometry": {"type": "LineString", "coordinates": [[-87.64957197, 41.91165262], [-87.64948719, 41.91160966]]}}, {"type": "Feature", "properties": {"route_id": "P", "route_long_name": "Purple Line", "route_color": "#522398", "route_text_color": "#FFFFFF", "shape_id": "309000024"}, "geometry": {"type": "LineString", "coordinates": [[-87.64948719, 41.91160966], [-87.64939586, 41.9115879]]}}, {"type": "Feature", "properties": {"route_id": "P", "route_long_name": "Purple Line", "route_color": "#522398", "route_text_color": "#FFFFFF", "shape_id": "309000024"}, "geometry": {"type": "LineString", "coordinates": [[-87.64939586, 41.9115879], [-87.64921015, 41.91153491]]}}, {"type": "Feature", "properties": {"route_id": "P", "route_long_name": "Purple Line", "route_color": "#522398", "route_text_color": "#FFFFFF", "shape_id": "309000024"}, "geometry": {"type": "LineString", "coordinates": [[-87.64921015, 41.91153491], [-87.64900523, 41.91150775]]}}, {"type": "Feature", "properties": {"route_id": "P", "route_long_name": "Purple Line", "route_color": "#522398", "route_text_color": "#FFFFFF", "shape_id": "309000024"}, "geometry": {"type": "LineString", "coordinates": [[-87.64900523, 41.91150775], [-87.64883791, 41.91150675]]}}, {"type": "Feature", "properties": {"route_id": "P", "route_long_name": "Purple Line", "route_color": "#522398", "route_text_color": "#FFFFFF", "shape_id": "309000024"}, "geometry": {"type": "LineString", "coordinates": [[-87.64883791, 41.91150675], [-87.64863264, 41.9115126]]}}, {"type": "Feature", "properties": {"route_id": "P", "route_long_name": "Purple Line", "route_color": "#522398", "route_text_color": "#FFFFFF", "shape_id": "309000024"}, "geometry": {"type": "LineString", "coordinates": [[-87.64863264, 41.9115126], [-87.6479222, 41.91152015]]}}, {"type": "Feature", "properties": {"route_id": "P", "route_long_name": "Purple Line", "route_color": "#522398", "route_text_color": "#FFFFFF", "shape_id": "309000024"}, "geometry": {"type": "LineString", "coordinates": [[-87.6479222, 41.91152015], [-87.64781814, 41.91150774]]}}, {"type": "Feature", "properties": {"route_id": "P", "route_long_name": "Purple Line", "route_color": "#522398", "route_text_color": "#FFFFFF", "shape_id": "309000024"}, "geometry": {"type": "LineString", "coordinates": [[-87.64781814, 41.91150774], [-87.64768598, 41.91146686]]}}, {"type": "Feature", "properties": {"route_id": "P", "route_long_name": "Purple Line", "route_color": "#522398", "route_text_color": "#FFFFFF", "shape_id": "309000024"}, "geometry": {"type": "LineString", "coordinates": [[-87.64768598, 41.91146686], [-87.64756364, 41.91139303]]}}, {"type": "Feature", "properties": {"route_id": "P", "route_long_name": "Purple Line", "route_color": "#522398", "route_text_color": "#FFFFFF", "shape_id": "309000024"}, "geometry": {"type": "LineString", "coordinates": [[-87.64756364, 41.91139303], [-87.64745424, 41.91122813]]}}, {"type": "Feature", "properties": {"route_id": "P", "route_long_name": "Purple Line", "route_color": "#522398", "route_text_color": "#FFFFFF", "shape_id": "309000024"}, "geometry": {"type": "LineString", "coordinates": [[-87.64745424, 41.91122813], [-87.64741025, 41.9111326]]}}, {"type": "Feature", "properties": {"route_id": "P", "route_long_name": "Purple Line", "route_color": "#522398", "route_text_color": "#FFFFFF", "shape_id": "309000024"}, "geometry": {"type": "LineString", "coordinates": [[-87.64741025, 41.9111326], [-87.64739645, 41.91102043]]}}, {"type": "Feature", "properties": {"route_id": "P", "route_long_name": "Purple Line", "route_color": "#522398", "route_text_color": "#FFFFFF", "shape_id": "309000024"}, "geometry": {"type": "LineString", "coordinates": [[-87.64739645, 41.91102043], [-87.64738302, 41.91086606]]}}, {"type": "Feature", "properties": {"route_id": "P", "route_long_name": "Purple Line", "route_color": "#522398", "route_text_color": "#FFFFFF", "shape_id": "309000024"}, "geometry": {"type": "LineString", "coordinates": [[-87.64738302, 41.91086606], [-87.64736253, 41.91071501]]}}, {"type": "Feature", "properties": {"route_id": "P", "route_long_name": "Purple Line", "route_color": "#522398", "route_text_color": "#FFFFFF", "shape_id": "309000024"}, "geometry": {"type": "LineString", "coordinates": [[-87.64736253, 41.91071501], [-87.64734144, 41.91062055]]}}, {"type": "Feature", "properties": {"route_id": "P", "route_long_name": "Purple Line", "route_color": "#522398", "route_text_color": "#FFFFFF", "shape_id": "309000024"}, "geometry": {"type": "LineString", "coordinates": [[-87.64734144, 41.91062055], [-87.64728255, 41.9105188]]}}, {"type": "Feature", "properties": {"route_id": "P", "route_long_name": "Purple Line", "route_color": "#522398", "route_text_color": "#FFFFFF", "shape_id": "309000024"}, "geometry": {"type": "LineString", "coordinates": [[-87.64728255, 41.9105188], [-87.64718539, 41.91045218]]}}, {"type": "Feature", "properties": {"route_id": "P", "route_long_name": "Purple Line", "route_color": "#522398", "route_text_color": "#FFFFFF", "shape_id": "309000024"}, "geometry": {"type": "LineString", "coordinates": [[-87.64718539, 41.91045218], [-87.64710066, 41.91040451]]}}, {"type": "Feature", "properties": {"route_id": "P", "route_long_name": "Purple Line", "route_color": "#522398", "route_text_color": "#FFFFFF", "shape_id": "309000024"}, "geometry": {"type": "LineString", "coordinates": [[-87.64710066, 41.91040451], [-87.64697474, 41.91037075]]}}, {"type": "Feature", "properties": {"route_id": "P", "route_long_name": "Purple Line", "route_color": "#522398", "route_text_color": "#FFFFFF", "shape_id": "309000024"}, "geometry": {"type": "LineString", "coordinates": [[-87.64697474, 41.91037075], [-87.64682346, 41.91034626]]}}, {"type": "Feature", "properties": {"route_id": "P", "route_long_name": "Purple Line", "route_color": "#522398", "route_text_color": "#FFFFFF", "shape_id": "309000024"}, "geometry": {"type": "LineString", "coordinates": [[-87.64682346, 41.91034626], [-87.64664932, 41.91033787]]}}, {"type": "Feature", "properties": {"route_id": "P", "route_long_name": "Purple Line", "route_color": "#522398", "route_text_color": "#FFFFFF", "shape_id": "309000024"}, "geometry": {"type": "LineString", "coordinates": [[-87.64664932, 41.91033787], [-87.64646175, 41.91034049]]}}, {"type": "Feature", "properties": {"route_id": "P", "route_long_name": "Purple Line", "route_color": "#522398", "route_text_color": "#FFFFFF", "shape_id": "309000024"}, "geometry": {"type": "LineString", "coordinates": [[-87.64646175, 41.91034049], [-87.64580959, 41.9103496]]}}, {"type": "Feature", "properties": {"route_id": "P", "route_long_name": "Purple Line", "route_color": "#522398", "route_text_color": "#FFFFFF", "shape_id": "309000024"}, "geometry": {"type": "LineString", "coordinates": [[-87.64580959, 41.9103496], [-87.64523542, 41.91034854]]}}, {"type": "Feature", "properties": {"route_id": "P", "route_long_name": "Purple Line", "route_color": "#522398", "route_text_color": "#FFFFFF", "shape_id": "309000024"}, "geometry": {"type": "LineString", "coordinates": [[-87.64523542, 41.91034854], [-87.64348458, 41.91037105]]}}, {"type": "Feature", "properties": {"route_id": "P", "route_long_name": "Purple Line", "route_color": "#522398", "route_text_color": "#FFFFFF", "shape_id": "309000024"}, "geometry": {"type": "LineString", "coordinates": [[-87.64348458, 41.91037105], [-87.64255542, 41.91039499]]}}, {"type": "Feature", "properties": {"route_id": "P", "route_long_name": "Purple Line", "route_color": "#522398", "route_text_color": "#FFFFFF", "shape_id": "309000024"}, "geometry": {"type": "LineString", "coordinates": [[-87.64255542, 41.91039499], [-87.64100553, 41.91040487]]}}, {"type": "Feature", "properties": {"route_id": "P", "route_long_name": "Purple Line", "route_color": "#522398", "route_text_color": "#FFFFFF", "shape_id": "309000024"}, "geometry": {"type": "LineString", "coordinates": [[-87.64100553, 41.91040487], [-87.64038362, 41.91040883]]}}, {"type": "Feature", "properties": {"route_id": "P", "route_long_name": "Purple Line", "route_color": "#522398", "route_text_color": "#FFFFFF", "shape_id": "309000024"}, "geometry": {"type": "LineString", "coordinates": [[-87.64038362, 41.91040883], [-87.63975191, 41.91041285]]}}, {"type": "Feature", "properties": {"route_id": "P", "route_long_name": "Purple Line", "route_color": "#522398", "route_text_color": "#FFFFFF", "shape_id": "309000024"}, "geometry": {"type": "LineString", "coordinates": [[-87.63975191, 41.91041285], [-87.63930792, 41.91041704]]}}, {"type": "Feature", "properties": {"route_id": "P", "route_long_name": "Purple Line", "route_color": "#522398", "route_text_color": "#FFFFFF", "shape_id": "309000024"}, "geometry": {"type": "LineString", "coordinates": [[-87.63930792, 41.91041704], [-87.63814496, 41.91042681]]}}, {"type": "Feature", "properties": {"route_id": "P", "route_long_name": "Purple Line", "route_color": "#522398", "route_text_color": "#FFFFFF", "shape_id": "309000024"}, "geometry": {"type": "LineString", "coordinates": [[-87.63814496, 41.91042681], [-87.63798162, 41.91041707]]}}, {"type": "Feature", "properties": {"route_id": "P", "route_long_name": "Purple Line", "route_color": "#522398", "route_text_color": "#FFFFFF", "shape_id": "309000024"}, "geometry": {"type": "LineString", "coordinates": [[-87.63798162, 41.91041707], [-87.63787698, 41.91040031]]}}, {"type": "Feature", "properties": {"route_id": "P", "route_long_name": "Purple Line", "route_color": "#522398", "route_text_color": "#FFFFFF", "shape_id": "309000024"}, "geometry": {"type": "LineString", "coordinates": [[-87.63787698, 41.91040031], [-87.63771724, 41.91034869]]}}, {"type": "Feature", "properties": {"route_id": "P", "route_long_name": "Purple Line", "route_color": "#522398", "route_text_color": "#FFFFFF", "shape_id": "309000024"}, "geometry": {"type": "LineString", "coordinates": [[-87.63771724, 41.91034869], [-87.63757619, 41.91027875]]}}, {"type": "Feature", "properties": {"route_id": "P", "route_long_name": "Purple Line", "route_color": "#522398", "route_text_color": "#FFFFFF", "shape_id": "309000024"}, "geometry": {"type": "LineString", "coordinates": [[-87.63757619, 41.91027875], [-87.63746589, 41.91021591]]}}, {"type": "Feature", "properties": {"route_id": "P", "route_long_name": "Purple Line", "route_color": "#522398", "route_text_color": "#FFFFFF", "shape_id": "309000024"}, "geometry": {"type": "LineString", "coordinates": [[-87.63746589, 41.91021591], [-87.63736833, 41.9101163]]}}, {"type": "Feature", "properties": {"route_id": "P", "route_long_name": "Purple Line", "route_color": "#522398", "route_text_color": "#FFFFFF", "shape_id": "309000024"}, "geometry": {"type": "LineString", "coordinates": [[-87.63736833, 41.9101163], [-87.63730179, 41.90999845]]}}, {"type": "Feature", "properties": {"route_id": "P", "route_long_name": "Purple Line", "route_color": "#522398", "route_text_color": "#FFFFFF", "shape_id": "309000024"}, "geometry": {"type": "LineString", "coordinates": [[-87.63730179, 41.90999845], [-87.63727432, 41.90986674]]}}, {"type": "Feature", "properties": {"route_id": "P", "route_long_name": "Purple Line", "route_color": "#522398", "route_text_color": "#FFFFFF", "shape_id": "309000024"}, "geometry": {"type": "LineString", "coordinates": [[-87.63727432, 41.90986674], [-87.63726802, 41.90973718]]}}, {"type": "Feature", "properties": {"route_id": "P", "route_long_name": "Purple Line", "route_color": "#522398", "route_text_color": "#FFFFFF", "shape_id": "309000024"}, "geometry": {"type": "LineString", "coordinates": [[-87.63726802, 41.90973718], [-87.63725501, 41.90951546]]}}, {"type": "Feature", "properties": {"route_id": "P", "route_long_name": "Purple Line", "route_color": "#522398", "route_text_color": "#FFFFFF", "shape_id": "309000024"}, "geometry": {"type": "LineString", "coordinates": [[-87.63725501, 41.90951546], [-87.6372325, 41.90874966]]}}, {"type": "Feature", "properties": {"route_id": "P", "route_long_name": "Purple Line", "route_color": "#522398", "route_text_color": "#FFFFFF", "shape_id": "309000024"}, "geometry": {"type": "LineString", "coordinates": [[-87.6372325, 41.90874966], [-87.63718737, 41.90758363]]}}, {"type": "Feature", "properties": {"route_id": "P", "route_long_name": "Purple Line", "route_color": "#522398", "route_text_color": "#FFFFFF", "shape_id": "309000024"}, "geometry": {"type": "LineString", "coordinates": [[-87.63718737, 41.90758363], [-87.63713826, 41.90607503]]}}, {"type": "Feature", "properties": {"route_id": "P", "route_long_name": "Purple Line", "route_color": "#522398", "route_text_color": "#FFFFFF", "shape_id": "309000024"}, "geometry": {"type": "LineString", "coordinates": [[-87.63713826, 41.90607503], [-87.63711431, 41.90544163]]}}, {"type": "Feature", "properties": {"route_id": "P", "route_long_name": "Purple Line", "route_color": "#522398", "route_text_color": "#FFFFFF", "shape_id": "309000024"}, "geometry": {"type": "LineString", "coordinates": [[-87.63711431, 41.90544163], [-87.63702127, 41.90381913]]}}, {"type": "Feature", "properties": {"route_id": "P", "route_long_name": "Purple Line", "route_color": "#522398", "route_text_color": "#FFFFFF", "shape_id": "309000024"}, "geometry": {"type": "LineString", "coordinates": [[-87.63702127, 41.90381913], [-87.63702936, 41.90368528]]}}, {"type": "Feature", "properties": {"route_id": "P", "route_long_name": "Purple Line", "route_color": "#522398", "route_text_color": "#FFFFFF", "shape_id": "309000024"}, "geometry": {"type": "LineString", "coordinates": [[-87.63702936, 41.90368528], [-87.63701379, 41.90334553]]}}, {"type": "Feature", "properties": {"route_id": "P", "route_long_name": "Purple Line", "route_color": "#522398", "route_text_color": "#FFFFFF", "shape_id": "309000024"}, "geometry": {"type": "LineString", "coordinates": [[-87.63701379, 41.90334553], [-87.63699966, 41.90322743]]}}, {"type": "Feature", "properties": {"route_id": "P", "route_long_name": "Purple Line", "route_color": "#522398", "route_text_color": "#FFFFFF", "shape_id": "309000024"}, "geometry": {"type": "LineString", "coordinates": [[-87.63699966, 41.90322743], [-87.6369507, 41.90312351]]}}, {"type": "Feature", "properties": {"route_id": "P", "route_long_name": "Purple Line", "route_color": "#522398", "route_text_color": "#FFFFFF", "shape_id": "309000024"}, "geometry": {"type": "LineString", "coordinates": [[-87.6369507, 41.90312351], [-87.63688652, 41.90300223]]}}, {"type": "Feature", "properties": {"route_id": "P", "route_long_name": "Purple Line", "route_color": "#522398", "route_text_color": "#FFFFFF", "shape_id": "309000024"}, "geometry": {"type": "LineString", "coordinates": [[-87.63688652, 41.90300223], [-87.63682948, 41.9029328]]}}, {"type": "Feature", "properties": {"route_id": "P", "route_long_name": "Purple Line", "route_color": "#522398", "route_text_color": "#FFFFFF", "shape_id": "309000024"}, "geometry": {"type": "LineString", "coordinates": [[-87.63682948, 41.9029328], [-87.63671533, 41.9027997]]}}, {"type": "Feature", "properties": {"route_id": "P", "route_long_name": "Purple Line", "route_color": "#522398", "route_text_color": "#FFFFFF", "shape_id": "309000024"}, "geometry": {"type": "LineString", "coordinates": [[-87.63671533, 41.9027997], [-87.6365974, 41.90266082]]}}, {"type": "Feature", "properties": {"route_id": "P", "route_long_name": "Purple Line", "route_color": "#522398", "route_text_color": "#FFFFFF", "shape_id": "309000024"}, "geometry": {"type": "LineString", "coordinates": [[-87.6365974, 41.90266082], [-87.63653303, 41.9025568]]}}, {"type": "Feature", "properties": {"route_id": "P", "route_long_name": "Purple Line", "route_color": "#522398", "route_text_color": "#FFFFFF", "shape_id": "309000024"}, "geometry": {"type": "LineString", "coordinates": [[-87.63653303, 41.9025568], [-87.63649556, 41.90245871]]}}, {"type": "Feature", "properties": {"route_id": "P", "route_long_name": "Purple Line", "route_color": "#522398", "route_text_color": "#FFFFFF", "shape_id": "309000024"}, "geometry": {"type": "LineString", "coordinates": [[-87.63649556, 41.90245871], [-87.63646198, 41.90235776]]}}, {"type": "Feature", "properties": {"route_id": "P", "route_long_name": "Purple Line", "route_color": "#522398", "route_text_color": "#FFFFFF", "shape_id": "309000024"}, "geometry": {"type": "LineString", "coordinates": [[-87.63646198, 41.90235776], [-87.63647122, 41.90221677]]}}, {"type": "Feature", "properties": {"route_id": "P", "route_long_name": "Purple Line", "route_color": "#522398", "route_text_color": "#FFFFFF", "shape_id": "309000024"}, "geometry": {"type": "LineString", "coordinates": [[-87.63647122, 41.90221677], [-87.63647614, 41.90211894]]}}, {"type": "Feature", "properties": {"route_id": "P", "route_long_name": "Purple Line", "route_color": "#522398", "route_text_color": "#FFFFFF", "shape_id": "309000024"}, "geometry": {"type": "LineString", "coordinates": [[-87.63647614, 41.90211894], [-87.63650793, 41.9020299]]}}, {"type": "Feature", "properties": {"route_id": "P", "route_long_name": "Purple Line", "route_color": "#522398", "route_text_color": "#FFFFFF", "shape_id": "309000024"}, "geometry": {"type": "LineString", "coordinates": [[-87.63650793, 41.9020299], [-87.63653622, 41.90190918]]}}, {"type": "Feature", "properties": {"route_id": "P", "route_long_name": "Purple Line", "route_color": "#522398", "route_text_color": "#FFFFFF", "shape_id": "309000024"}, "geometry": {"type": "LineString", "coordinates": [[-87.63653622, 41.90190918], [-87.63659541, 41.90178001]]}}, {"type": "Feature", "properties": {"route_id": "P", "route_long_name": "Purple Line", "route_color": "#522398", "route_text_color": "#FFFFFF", "shape_id": "309000024"}, "geometry": {"type": "LineString", "coordinates": [[-87.63659541, 41.90178001], [-87.63666326, 41.90156454]]}}, {"type": "Feature", "properties": {"route_id": "P", "route_long_name": "Purple Line", "route_color": "#522398", "route_text_color": "#FFFFFF", "shape_id": "309000024"}, "geometry": {"type": "LineString", "coordinates": [[-87.63666326, 41.90156454], [-87.63669549, 41.9014352]]}}, {"type": "Feature", "properties": {"route_id": "P", "route_long_name": "Purple Line", "route_color": "#522398", "route_text_color": "#FFFFFF", "shape_id": "309000024"}, "geometry": {"type": "LineString", "coordinates": [[-87.63669549, 41.9014352], [-87.63670444, 41.90132012]]}}, {"type": "Feature", "properties": {"route_id": "P", "route_long_name": "Purple Line", "route_color": "#522398", "route_text_color": "#FFFFFF", "shape_id": "309000024"}, "geometry": {"type": "LineString", "coordinates": [[-87.63670444, 41.90132012], [-87.63670958, 41.90120214]]}}, {"type": "Feature", "properties": {"route_id": "P", "route_long_name": "Purple Line", "route_color": "#522398", "route_text_color": "#FFFFFF", "shape_id": "309000024"}, "geometry": {"type": "LineString", "coordinates": [[-87.63670958, 41.90120214], [-87.63664238, 41.90029502]]}}, {"type": "Feature", "properties": {"route_id": "P", "route_long_name": "Purple Line", "route_color": "#522398", "route_text_color": "#FFFFFF", "shape_id": "309000024"}, "geometry": {"type": "LineString", "coordinates": [[-87.63664238, 41.90029502], [-87.63664507, 41.90008704]]}}, {"type": "Feature", "properties": {"route_id": "P", "route_long_name": "Purple Line", "route_color": "#522398", "route_text_color": "#FFFFFF", "shape_id": "309000024"}, "geometry": {"type": "LineString", "coordinates": [[-87.63664507, 41.90008704], [-87.63662786, 41.89975973]]}}, {"type": "Feature", "properties": {"route_id": "P", "route_long_name": "Purple Line", "route_color": "#522398", "route_text_color": "#FFFFFF", "shape_id": "309000024"}, "geometry": {"type": "LineString", "coordinates": [[-87.63662786, 41.89975973], [-87.63658388, 41.89892344]]}}, {"type": "Feature", "properties": {"route_id": "P", "route_long_name": "Purple Line", "route_color": "#522398", "route_text_color": "#FFFFFF", "shape_id": "309000024"}, "geometry": {"type": "LineString", "coordinates": [[-87.63658388, 41.89892344], [-87.63657075, 41.89867382]]}}, {"type": "Feature", "properties": {"route_id": "P", "route_long_name": "Purple Line", "route_color": "#522398", "route_text_color": "#FFFFFF", "shape_id": "309000024"}, "geometry": {"type": "LineString", "coordinates": [[-87.63657075, 41.89867382], [-87.6365482, 41.89761751]]}}, {"type": "Feature", "properties": {"route_id": "P", "route_long_name": "Purple Line", "route_color": "#522398", "route_text_color": "#FFFFFF", "shape_id": "309000024"}, "geometry": {"type": "LineString", "coordinates": [[-87.6365482, 41.89761751], [-87.63654688, 41.89738435]]}}, {"type": "Feature", "properties": {"route_id": "P", "route_long_name": "Purple Line", "route_color": "#522398", "route_text_color": "#FFFFFF", "shape_id": "309000024"}, "geometry": {"type": "LineString", "coordinates": [[-87.63654688, 41.89738435], [-87.63649811, 41.89726316]]}}, {"type": "Feature", "properties": {"route_id": "P", "route_long_name": "Purple Line", "route_color": "#522398", "route_text_color": "#FFFFFF", "shape_id": "309000024"}, "geometry": {"type": "LineString", "coordinates": [[-87.63649811, 41.89726316], [-87.63641452, 41.89715615]]}}, {"type": "Feature", "properties": {"route_id": "P", "route_long_name": "Purple Line", "route_color": "#522398", "route_text_color": "#FFFFFF", "shape_id": "309000024"}, "geometry": {"type": "LineString", "coordinates": [[-87.63641452, 41.89715615], [-87.63634592, 41.89708665]]}}, {"type": "Feature", "properties": {"route_id": "P", "route_long_name": "Purple Line", "route_color": "#522398", "route_text_color": "#FFFFFF", "shape_id": "309000024"}, "geometry": {"type": "LineString", "coordinates": [[-87.63634592, 41.89708665], [-87.63623135, 41.89699385]]}}, {"type": "Feature", "properties": {"route_id": "P", "route_long_name": "Purple Line", "route_color": "#522398", "route_text_color": "#FFFFFF", "shape_id": "309000024"}, "geometry": {"type": "LineString", "coordinates": [[-87.63623135, 41.89699385], [-87.63595241, 41.89678203]]}}, {"type": "Feature", "properties": {"route_id": "P", "route_long_name": "Purple Line", "route_color": "#522398", "route_text_color": "#FFFFFF", "shape_id": "309000024"}, "geometry": {"type": "LineString", "coordinates": [[-87.63595241, 41.89678203], [-87.63583984, 41.89667595]]}}, {"type": "Feature", "properties": {"route_id": "P", "route_long_name": "Purple Line", "route_color": "#522398", "route_text_color": "#FFFFFF", "shape_id": "309000024"}, "geometry": {"type": "LineString", "coordinates": [[-87.63583984, 41.89667595], [-87.63574075, 41.8965528]]}}, {"type": "Feature", "properties": {"route_id": "P", "route_long_name": "Purple Line", "route_color": "#522398", "route_text_color": "#FFFFFF", "shape_id": "309000024"}, "geometry": {"type": "LineString", "coordinates": [[-87.63574075, 41.8965528], [-87.63569075, 41.89645959]]}}, {"type": "Feature", "properties": {"route_id": "P", "route_long_name": "Purple Line", "route_color": "#522398", "route_text_color": "#FFFFFF", "shape_id": "309000024"}, "geometry": {"type": "LineString", "coordinates": [[-87.63569075, 41.89645959], [-87.63568891, 41.89633571]]}}, {"type": "Feature", "properties": {"route_id": "P", "route_long_name": "Purple Line", "route_color": "#522398", "route_text_color": "#FFFFFF", "shape_id": "309000024"}, "geometry": {"type": "LineString", "coordinates": [[-87.63568891, 41.89633571], [-87.63565097, 41.89542788]]}}, {"type": "Feature", "properties": {"route_id": "P", "route_long_name": "Purple Line", "route_color": "#522398", "route_text_color": "#FFFFFF", "shape_id": "309000024"}, "geometry": {"type": "LineString", "coordinates": [[-87.63565097, 41.89542788], [-87.63563407, 41.8943439]]}}, {"type": "Feature", "properties": {"route_id": "P", "route_long_name": "Purple Line", "route_color": "#522398", "route_text_color": "#FFFFFF", "shape_id": "309000024"}, "geometry": {"type": "LineString", "coordinates": [[-87.63563407, 41.8943439], [-87.63560103, 41.89327888]]}}, {"type": "Feature", "properties": {"route_id": "P", "route_long_name": "Purple Line", "route_color": "#522398", "route_text_color": "#FFFFFF", "shape_id": "309000024"}, "geometry": {"type": "LineString", "coordinates": [[-87.63560103, 41.89327888], [-87.63558594, 41.89261417]]}}, {"type": "Feature", "properties": {"route_id": "P", "route_long_name": "Purple Line", "route_color": "#522398", "route_text_color": "#FFFFFF", "shape_id": "309000024"}, "geometry": {"type": "LineString", "coordinates": [[-87.63558594, 41.89261417], [-87.63554095, 41.89147522]]}}, {"type": "Feature", "properties": {"route_id": "P", "route_long_name": "Purple Line", "route_color": "#522398", "route_text_color": "#FFFFFF", "shape_id": "309000024"}, "geometry": {"type": "LineString", "coordinates": [[-87.63554095, 41.89147522], [-87.63553222, 41.89051993]]}}, {"type": "Feature", "properties": {"route_id": "P", "route_long_name": "Purple Line", "route_color": "#522398", "route_text_color": "#FFFFFF", "shape_id": "309000024"}, "geometry": {"type": "LineString", "coordinates": [[-87.63553222, 41.89051993], [-87.63548668, 41.89031002]]}}, {"type": "Feature", "properties": {"route_id": "P", "route_long_name": "Purple Line", "route_color": "#522398", "route_text_color": "#FFFFFF", "shape_id": "309000024"}, "geometry": {"type": "LineString", "coordinates": [[-87.63548668, 41.89031002], [-87.63540484, 41.89021424]]}}, {"type": "Feature", "properties": {"route_id": "P", "route_long_name": "Purple Line", "route_color": "#522398", "route_text_color": "#FFFFFF", "shape_id": "309000024"}, "geometry": {"type": "LineString", "coordinates": [[-87.63540484, 41.89021424], [-87.6353324, 41.89013281]]}}, {"type": "Feature", "properties": {"route_id": "P", "route_long_name": "Purple Line", "route_color": "#522398", "route_text_color": "#FFFFFF", "shape_id": "309000024"}, "geometry": {"type": "LineString", "coordinates": [[-87.6353324, 41.89013281], [-87.63524568, 41.89007795]]}}, {"type": "Feature", "properties": {"route_id": "P", "route_long_name": "Purple Line", "route_color": "#522398", "route_text_color": "#FFFFFF", "shape_id": "309000024"}, "geometry": {"type": "LineString", "coordinates": [[-87.63524568, 41.89007795], [-87.63508496, 41.89001934]]}}, {"type": "Feature", "properties": {"route_id": "P", "route_long_name": "Purple Line", "route_color": "#522398", "route_text_color": "#FFFFFF", "shape_id": "309000024"}, "geometry": {"type": "LineString", "coordinates": [[-87.63508496, 41.89001934], [-87.63493876, 41.88997795]]}}, {"type": "Feature", "properties": {"route_id": "P", "route_long_name": "Purple Line", "route_color": "#522398", "route_text_color": "#FFFFFF", "shape_id": "309000024"}, "geometry": {"type": "LineString", "coordinates": [[-87.63493876, 41.88997795], [-87.6347597, 41.88994413]]}}, {"type": "Feature", "properties": {"route_id": "P", "route_long_name": "Purple Line", "route_color": "#522398", "route_text_color": "#FFFFFF", "shape_id": "309000024"}, "geometry": {"type": "LineString", "coordinates": [[-87.6347597, 41.88994413], [-87.63462152, 41.88991964]]}}, {"type": "Feature", "properties": {"route_id": "P", "route_long_name": "Purple Line", "route_color": "#522398", "route_text_color": "#FFFFFF", "shape_id": "309000024"}, "geometry": {"type": "LineString", "coordinates": [[-87.63462152, 41.88991964], [-87.63447345, 41.88989421]]}}, {"type": "Feature", "properties": {"route_id": "P", "route_long_name": "Purple Line", "route_color": "#522398", "route_text_color": "#FFFFFF", "shape_id": "309000024"}, "geometry": {"type": "LineString", "coordinates": [[-87.63447345, 41.88989421], [-87.63436951, 41.88984824]]}}, {"type": "Feature", "properties": {"route_id": "P", "route_long_name": "Purple Line", "route_color": "#522398", "route_text_color": "#FFFFFF", "shape_id": "309000024"}, "geometry": {"type": "LineString", "coordinates": [[-87.63436951, 41.88984824], [-87.63425213, 41.88979512]]}}, {"type": "Feature", "properties": {"route_id": "P", "route_long_name": "Purple Line", "route_color": "#522398", "route_text_color": "#FFFFFF", "shape_id": "309000024"}, "geometry": {"type": "LineString", "coordinates": [[-87.63425213, 41.88979512], [-87.63414252, 41.88970982]]}}, {"type": "Feature", "properties": {"route_id": "P", "route_long_name": "Purple Line", "route_color": "#522398", "route_text_color": "#FFFFFF", "shape_id": "309000024"}, "geometry": {"type": "LineString", "coordinates": [[-87.63414252, 41.88970982], [-87.63407745, 41.88963159]]}}, {"type": "Feature", "properties": {"route_id": "P", "route_long_name": "Purple Line", "route_color": "#522398", "route_text_color": "#FFFFFF", "shape_id": "309000024"}, "geometry": {"type": "LineString", "coordinates": [[-87.63407745, 41.88963159], [-87.63402581, 41.88952979]]}}, {"type": "Feature", "properties": {"route_id": "P", "route_long_name": "Purple Line", "route_color": "#522398", "route_text_color": "#FFFFFF", "shape_id": "309000024"}, "geometry": {"type": "LineString", "coordinates": [[-87.63402581, 41.88952979], [-87.63399917, 41.88943406]]}}, {"type": "Feature", "properties": {"route_id": "P", "route_long_name": "Purple Line", "route_color": "#522398", "route_text_color": "#FFFFFF", "shape_id": "309000024"}, "geometry": {"type": "LineString", "coordinates": [[-87.63399917, 41.88943406], [-87.63397911, 41.88897579]]}}, {"type": "Feature", "properties": {"route_id": "P", "route_long_name": "Purple Line", "route_color": "#522398", "route_text_color": "#FFFFFF", "shape_id": "309000024"}, "geometry": {"type": "LineString", "coordinates": [[-87.63397911, 41.88897579], [-87.6339614, 41.88707713]]}}, {"type": "Feature", "properties": {"route_id": "P", "route_long_name": "Purple Line", "route_color": "#522398", "route_text_color": "#FFFFFF", "shape_id": "309000024"}, "geometry": {"type": "LineString", "coordinates": [[-87.6339614, 41.88707713], [-87.63391893, 41.88573238]]}}, {"type": "Feature", "properties": {"route_id": "P", "route_long_name": "Purple Line", "route_color": "#522398", "route_text_color": "#FFFFFF", "shape_id": "309000024"}, "geometry": {"type": "LineString", "coordinates": [[-87.63391893, 41.88573238], [-87.63285147, 41.885738], [-87.63204551, 41.88574451], [-87.63089177, 41.88574484], [-87.63020427, 41.88574537], [-87.6301197, 41.88574557], [-87.6299274, 41.88574601], [-87.62982204, 41.88574626], [-87.62948396, 41.88574704], [-87.62887754, 41.88574844], [-87.62784094, 41.88574827], [-87.62683561, 41.88574666], [-87.62661795, 41.88574631], [-87.62656012, 41.8857441], [-87.62650898, 41.88574084], [-87.62642642, 41.88573037], [-87.62635259, 41.88569726], [-87.62630802, 41.88566611], [-87.62627344, 41.88562562], [-87.6262587, 41.88557788], [-87.62626051, 41.88552922], [-87.62626248, 41.88535057], [-87.62622786, 41.88444275], [-87.62619456, 41.88322886], [-87.62616192, 41.88203875], [-87.62610365, 41.87951807], [-87.62605954, 41.87831481], [-87.62603967, 41.87697364], [-87.62635488, 41.87696833], [-87.6265018, 41.87696715], [-87.62757293, 41.87693997], [-87.62821489, 41.87691619], [-87.62925871, 41.87689399], [-87.63173959, 41.87686319], [-87.63263213, 41.87685673], [-87.6333812, 41.87685415], [-87.63345438, 41.87686651], [-87.63353383, 41.87688843], [-87.63359091, 41.87691498], [-87.63365097, 41.87696061], [-87.63369886, 41.87707066], [-87.6336922, 41.87726911], [-87.63374573, 41.87873114], [-87.63378832, 41.88014877], [-87.63385066, 41.88144742], [-87.63385928, 41.88270287], [-87.63389482, 41.88441348], [-87.63391893, 41.88573238]]}}, {"type": "Feature", "properties": {"route_id": "P", "route_long_name": "Purple Line", "route_color": "#522398", "route_text_color": "#FFFFFF", "shape_id": "309000025"}, "geometry": {"type": "LineString", "coordinates": [[-87.67289823, 42.0190711], [-87.67336910436084, 42.019450290919735]]}}, {"type": "Feature", "properties": {"route_id": "Pink", "route_long_name": "Pink Line", "route_color": "#E27EA6", "route_text_color": "#FFFFFF", "shape_id": "309000035"}, "geometry": {"type": "LineString", "coordinates": [[-87.73945592477462, 41.85203134188878], [-87.73903945, 41.85203803]]}}, {"type": "Feature", "properties": {"route_id": "Pink", "route_long_name": "Pink Line", "route_color": "#E27EA6", "route_text_color": "#FFFFFF", "shape_id": "309000035"}, "geometry": {"type": "LineString", "coordinates": [[-87.73903945, 41.85203803], [-87.73794015, 41.85204485]]}}, {"type": "Feature", "properties": {"route_id": "Pink", "route_long_name": "Pink Line", "route_color": "#E27EA6", "route_text_color": "#FFFFFF", "shape_id": "309000035"}, "geometry": {"type": "LineString", "coordinates": [[-87.73794015, 41.85204485], [-87.73777038, 41.85205647]]}}, {"type": "Feature", "properties": {"route_id": "Pink", "route_long_name": "Pink Line", "route_color": "#E27EA6", "route_text_color": "#FFFFFF", "shape_id": "309000035"}, "geometry": {"type": "LineString", "coordinates": [[-87.73777038, 41.85205647], [-87.73761486, 41.85207711]]}}, {"type": "Feature", "properties": {"route_id": "Pink", "route_long_name": "Pink Line", "route_color": "#E27EA6", "route_text_color": "#FFFFFF", "shape_id": "309000035"}, "geometry": {"type": "LineString", "coordinates": [[-87.73761486, 41.85207711], [-87.73749749, 41.85210687]]}}, {"type": "Feature", "properties": {"route_id": "Pink", "route_long_name": "Pink Line", "route_color": "#E27EA6", "route_text_color": "#FFFFFF", "shape_id": "309000035"}, "geometry": {"type": "LineString", "coordinates": [[-87.73749749, 41.85210687], [-87.73736811, 41.85214372]]}}, {"type": "Feature", "properties": {"route_id": "Pink", "route_long_name": "Pink Line", "route_color": "#E27EA6", "route_text_color": "#FFFFFF", "shape_id": "309000035"}, "geometry": {"type": "LineString", "coordinates": [[-87.73736811, 41.85214372], [-87.73717706, 41.8522114]]}}, {"type": "Feature", "properties": {"route_id": "Pink", "route_long_name": "Pink Line", "route_color": "#E27EA6", "route_text_color": "#FFFFFF", "shape_id": "309000035"}, "geometry": {"type": "LineString", "coordinates": [[-87.73717706, 41.8522114], [-87.73694103, 41.8523291]]}}, {"type": "Feature", "properties": {"route_id": "Pink", "route_long_name": "Pink Line", "route_color": "#E27EA6", "route_text_color": "#FFFFFF", "shape_id": "309000035"}, "geometry": {"type": "LineString", "coordinates": [[-87.73694103, 41.8523291], [-87.73681835, 41.852416]]}}, {"type": "Feature", "properties": {"route_id": "Pink", "route_long_name": "Pink Line", "route_color": "#E27EA6", "route_text_color": "#FFFFFF", "shape_id": "309000035"}, "geometry": {"type": "LineString", "coordinates": [[-87.73681835, 41.852416], [-87.73659522, 41.85260393]]}}, {"type": "Feature", "properties": {"route_id": "Pink", "route_long_name": "Pink Line", "route_color": "#E27EA6", "route_text_color": "#FFFFFF", "shape_id": "309000035"}, "geometry": {"type": "LineString", "coordinates": [[-87.73659522, 41.85260393], [-87.73615972, 41.85308793]]}}, {"type": "Feature", "properties": {"route_id": "Pink", "route_long_name": "Pink Line", "route_color": "#E27EA6", "route_text_color": "#FFFFFF", "shape_id": "309000035"}, "geometry": {"type": "LineString", "coordinates": [[-87.73615972, 41.85308793], [-87.73591605, 41.85333679]]}}, {"type": "Feature", "properties": {"route_id": "Pink", "route_long_name": "Pink Line", "route_color": "#E27EA6", "route_text_color": "#FFFFFF", "shape_id": "309000035"}, "geometry": {"type": "LineString", "coordinates": [[-87.73591605, 41.85333679], [-87.73580538, 41.85341661]]}}, {"type": "Feature", "properties": {"route_id": "Pink", "route_long_name": "Pink Line", "route_color": "#E27EA6", "route_text_color": "#FFFFFF", "shape_id": "309000035"}, "geometry": {"type": "LineString", "coordinates": [[-87.73580538, 41.85341661], [-87.73568049, 41.85348385]]}}, {"type": "Feature", "properties": {"route_id": "Pink", "route_long_name": "Pink Line", "route_color": "#E27EA6", "route_text_color": "#FFFFFF", "shape_id": "309000035"}, "geometry": {"type": "LineString", "coordinates": [[-87.73568049, 41.85348385], [-87.735558, 41.85354932]]}}, {"type": "Feature", "properties": {"route_id": "Pink", "route_long_name": "Pink Line", "route_color": "#E27EA6", "route_text_color": "#FFFFFF", "shape_id": "309000035"}, "geometry": {"type": "LineString", "coordinates": [[-87.735558, 41.85354932], [-87.7353907, 41.85362064]]}}, {"type": "Feature", "properties": {"route_id": "Pink", "route_long_name": "Pink Line", "route_color": "#E27EA6", "route_text_color": "#FFFFFF", "shape_id": "309000035"}, "geometry": {"type": "LineString", "coordinates": [[-87.7353907, 41.85362064], [-87.73521994, 41.85366905]]}}, {"type": "Feature", "properties": {"route_id": "Pink", "route_long_name": "Pink Line", "route_color": "#E27EA6", "route_text_color": "#FFFFFF", "shape_id": "309000035"}, "geometry": {"type": "LineString", "coordinates": [[-87.73521994, 41.85366905], [-87.73510016, 41.85370059]]}}, {"type": "Feature", "properties": {"route_id": "Pink", "route_long_name": "Pink Line", "route_color": "#E27EA6", "route_text_color": "#FFFFFF", "shape_id": "309000035"}, "geometry": {"type": "LineString", "coordinates": [[-87.73510016, 41.85370059], [-87.73496613, 41.85372312]]}}, {"type": "Feature", "properties": {"route_id": "Pink", "route_long_name": "Pink Line", "route_color": "#E27EA6", "route_text_color": "#FFFFFF", "shape_id": "309000035"}, "geometry": {"type": "LineString", "coordinates": [[-87.73496613, 41.85372312], [-87.73478678, 41.85373647]]}}, {"type": "Feature", "properties": {"route_id": "Pink", "route_long_name": "Pink Line", "route_color": "#E27EA6", "route_text_color": "#FFFFFF", "shape_id": "309000035"}, "geometry": {"type": "LineString", "coordinates": [[-87.73478678, 41.85373647], [-87.73461017, 41.85374174]]}}, {"type": "Feature", "properties": {"route_id": "Pink", "route_long_name": "Pink Line", "route_color": "#E27EA6", "route_text_color": "#FFFFFF", "shape_id": "309000035"}, "geometry": {"type": "LineString", "coordinates": [[-87.73461017, 41.85374174], [-87.73326944, 41.85375853]]}}, {"type": "Feature", "properties": {"route_id": "Pink", "route_long_name": "Pink Line", "route_color": "#E27EA6", "route_text_color": "#FFFFFF", "shape_id": "309000035"}, "geometry": {"type": "LineString", "coordinates": [[-87.73326944, 41.85375853], [-87.72995638, 41.85382197]]}}, {"type": "Feature", "properties": {"route_id": "Pink", "route_long_name": "Pink Line", "route_color": "#E27EA6", "route_text_color": "#FFFFFF", "shape_id": "309000035"}, "geometry": {"type": "LineString", "coordinates": [[-87.72995638, 41.85382197], [-87.72736544, 41.85387443]]}}, {"type": "Feature", "properties": {"route_id": "Pink", "route_long_name": "Pink Line", "route_color": "#E27EA6", "route_text_color": "#FFFFFF", "shape_id": "309000035"}, "geometry": {"type": "LineString", "coordinates": [[-87.72736544, 41.85387443], [-87.7259387, 41.85388298]]}}, {"type": "Feature", "properties": {"route_id": "Pink", "route_long_name": "Pink Line", "route_color": "#E27EA6", "route_text_color": "#FFFFFF", "shape_id": "309000035"}, "geometry": {"type": "LineString", "coordinates": [[-87.7259387, 41.85388298], [-87.7243325, 41.85386468]]}}, {"type": "Feature", "properties": {"route_id": "Pink", "route_long_name": "Pink Line", "route_color": "#E27EA6", "route_text_color": "#FFFFFF", "shape_id": "309000035"}, "geometry": {"type": "LineString", "coordinates": [[-87.7243325, 41.85386468], [-87.72303918, 41.85387508]]}}, {"type": "Feature", "properties": {"route_id": "Pink", "route_long_name": "Pink Line", "route_color": "#E27EA6", "route_text_color": "#FFFFFF", "shape_id": "309000035"}, "geometry": {"type": "LineString", "coordinates": [[-87.72303918, 41.85387508], [-87.72014631, 41.8539201]]}}, {"type": "Feature", "properties": {"route_id": "Pink", "route_long_name": "Pink Line", "route_color": "#E27EA6", "route_text_color": "#FFFFFF", "shape_id": "309000035"}, "geometry": {"type": "LineString", "coordinates": [[-87.72014631, 41.8539201], [-87.71671086, 41.8539535]]}}, {"type": "Feature", "properties": {"route_id": "Pink", "route_long_name": "Pink Line", "route_color": "#E27EA6", "route_text_color": "#FFFFFF", "shape_id": "309000035"}, "geometry": {"type": "LineString", "coordinates": [[-87.71671086, 41.8539535], [-87.71488604, 41.8539998]]}}, {"type": "Feature", "properties": {"route_id": "Pink", "route_long_name": "Pink Line", "route_color": "#E27EA6", "route_text_color": "#FFFFFF", "shape_id": "309000035"}, "geometry": {"type": "LineString", "coordinates": [[-87.71488604, 41.8539998], [-87.7097761, 41.85405418]]}}, {"type": "Feature", "properties": {"route_id": "Pink", "route_long_name": "Pink Line", "route_color": "#E27EA6", "route_text_color": "#FFFFFF", "shape_id": "309000035"}, "geometry": {"type": "LineString", "coordinates": [[-87.7097761, 41.85405418], [-87.70543373, 41.85413843]]}}, {"type": "Feature", "properties": {"route_id": "Pink", "route_long_name": "Pink Line", "route_color": "#E27EA6", "route_text_color": "#FFFFFF", "shape_id": "309000035"}, "geometry": {"type": "LineString", "coordinates": [[-87.70543373, 41.85413843], [-87.70426179, 41.85415595]]}}, {"type": "Feature", "properties": {"route_id": "Pink", "route_long_name": "Pink Line", "route_color": "#E27EA6", "route_text_color": "#FFFFFF", "shape_id": "309000035"}, "geometry": {"type": "LineString", "coordinates": [[-87.70426179, 41.85415595], [-87.70231793, 41.85418498]]}}, {"type": "Feature", "properties": {"route_id": "Pink", "route_long_name": "Pink Line", "route_color": "#E27EA6", "route_text_color": "#FFFFFF", "shape_id": "309000035"}, "geometry": {"type": "LineString", "coordinates": [[-87.70231793, 41.85418498], [-87.70116422, 41.8542022]]}}, {"type": "Feature", "properties": {"route_id": "Pink", "route_long_name": "Pink Line", "route_color": "#E27EA6", "route_text_color": "#FFFFFF", "shape_id": "309000035"}, "geometry": {"type": "LineString", "coordinates": [[-87.70116422, 41.8542022], [-87.69830877, 41.85425553]]}}, {"type": "Feature", "properties": {"route_id": "Pink", "route_long_name": "Pink Line", "route_color": "#E27EA6", "route_text_color": "#FFFFFF", "shape_id": "309000035"}, "geometry": {"type": "LineString", "coordinates": [[-87.69830877, 41.85425553], [-87.69482868, 41.85428748]]}}, {"type": "Feature", "properties": {"route_id": "Pink", "route_long_name": "Pink Line", "route_color": "#E27EA6", "route_text_color": "#FFFFFF", "shape_id": "309000035"}, "geometry": {"type": "LineString", "coordinates": [[-87.69482868, 41.85428748], [-87.68852163, 41.85439164]]}}, {"type": "Feature", "properties": {"route_id": "Pink", "route_long_name": "Pink Line", "route_color": "#E27EA6", "route_text_color": "#FFFFFF", "shape_id": "309000035"}, "geometry": {"type": "LineString", "coordinates": [[-87.68852163, 41.85439164], [-87.68518499, 41.85440468]]}}, {"type": "Feature", "properties": {"route_id": "Pink", "route_long_name": "Pink Line", "route_color": "#E27EA6", "route_text_color": "#FFFFFF", "shape_id": "309000035"}, "geometry": {"type": "LineString", "coordinates": [[-87.68518499, 41.85440468], [-87.68322304, 41.85443621]]}}, {"type": "Feature", "properties": {"route_id": "Pink", "route_long_name": "Pink Line", "route_color": "#E27EA6", "route_text_color": "#FFFFFF", "shape_id": "309000035"}, "geometry": {"type": "LineString", "coordinates": [[-87.68322304, 41.85443621], [-87.68291216, 41.85444135]]}}, {"type": "Feature", "properties": {"route_id": "Pink", "route_long_name": "Pink Line", "route_color": "#E27EA6", "route_text_color": "#FFFFFF", "shape_id": "309000035"}, "geometry": {"type": "LineString", "coordinates": [[-87.68291216, 41.85444135], [-87.68235045, 41.85445022]]}}, {"type": "Feature", "properties": {"route_id": "Pink", "route_long_name": "Pink Line", "route_color": "#E27EA6", "route_text_color": "#FFFFFF", "shape_id": "309000035"}, "geometry": {"type": "LineString", "coordinates": [[-87.68235045, 41.85445022], [-87.67597986, 41.85452271]]}}, {"type": "Feature", "properties": {"route_id": "Pink", "route_long_name": "Pink Line", "route_color": "#E27EA6", "route_text_color": "#FFFFFF", "shape_id": "309000035"}, "geometry": {"type": "LineString", "coordinates": [[-87.67597986, 41.85452271], [-87.67461081, 41.85454703]]}}, {"type": "Feature", "properties": {"route_id": "Pink", "route_long_name": "Pink Line", "route_color": "#E27EA6", "route_text_color": "#FFFFFF", "shape_id": "309000035"}, "geometry": {"type": "LineString", "coordinates": [[-87.67461081, 41.85454703], [-87.67357882, 41.85456517]]}}, {"type": "Feature", "properties": {"route_id": "Pink", "route_long_name": "Pink Line", "route_color": "#E27EA6", "route_text_color": "#FFFFFF", "shape_id": "309000035"}, "geometry": {"type": "LineString", "coordinates": [[-87.67357882, 41.85456517], [-87.6699607, 41.854607]]}}, {"type": "Feature", "properties": {"route_id": "Pink", "route_long_name": "Pink Line", "route_color": "#E27EA6", "route_text_color": "#FFFFFF", "shape_id": "309000035"}, "geometry": {"type": "LineString", "coordinates": [[-87.6699607, 41.854607], [-87.66990036, 41.85461215]]}}, {"type": "Feature", "properties": {"route_id": "Pink", "route_long_name": "Pink Line", "route_color": "#E27EA6", "route_text_color": "#FFFFFF", "shape_id": "309000035"}, "geometry": {"type": "LineString", "coordinates": [[-87.66990036, 41.85461215], [-87.66981639, 41.85462595]]}}, {"type": "Feature", "properties": {"route_id": "Pink", "route_long_name": "Pink Line", "route_color": "#E27EA6", "route_text_color": "#FFFFFF", "shape_id": "309000035"}, "geometry": {"type": "LineString", "coordinates": [[-87.66981639, 41.85462595], [-87.66975894, 41.85463552]]}}, {"type": "Feature", "properties": {"route_id": "Pink", "route_long_name": "Pink Line", "route_color": "#E27EA6", "route_text_color": "#FFFFFF", "shape_id": "309000035"}, "geometry": {"type": "LineString", "coordinates": [[-87.66975894, 41.85463552], [-87.66969718, 41.85465304]]}}, {"type": "Feature", "properties": {"route_id": "Pink", "route_long_name": "Pink Line", "route_color": "#E27EA6", "route_text_color": "#FFFFFF", "shape_id": "309000035"}, "geometry": {"type": "LineString", "coordinates": [[-87.66969718, 41.85465304], [-87.6696468, 41.85467115]]}}, {"type": "Feature", "properties": {"route_id": "Pink", "route_long_name": "Pink Line", "route_color": "#E27EA6", "route_text_color": "#FFFFFF", "shape_id": "309000035"}, "geometry": {"type": "LineString", "coordinates": [[-87.6696468, 41.85467115], [-87.66957592, 41.85469933]]}}, {"type": "Feature", "properties": {"route_id": "Pink", "route_long_name": "Pink Line", "route_color": "#E27EA6", "route_text_color": "#FFFFFF", "shape_id": "309000035"}, "geometry": {"type": "LineString", "coordinates": [[-87.66957592, 41.85469933], [-87.66952766, 41.85472147]]}}, {"type": "Feature", "properties": {"route_id": "Pink", "route_long_name": "Pink Line", "route_color": "#E27EA6", "route_text_color": "#FFFFFF", "shape_id": "309000035"}, "geometry": {"type": "LineString", "coordinates": [[-87.66952766, 41.85472147], [-87.66948133, 41.85474496]]}}, {"type": "Feature", "properties": {"route_id": "Pink", "route_long_name": "Pink Line", "route_color": "#E27EA6", "route_text_color": "#FFFFFF", "shape_id": "309000035"}, "geometry": {"type": "LineString", "coordinates": [[-87.66948133, 41.85474496], [-87.66937026, 41.85482018]]}}, {"type": "Feature", "properties": {"route_id": "Pink", "route_long_name": "Pink Line", "route_color": "#E27EA6", "route_text_color": "#FFFFFF", "shape_id": "309000035"}, "geometry": {"type": "LineString", "coordinates": [[-87.66937026, 41.85482018], [-87.66930946, 41.8548682]]}}, {"type": "Feature", "properties": {"route_id": "Pink", "route_long_name": "Pink Line", "route_color": "#E27EA6", "route_text_color": "#FFFFFF", "shape_id": "309000035"}, "geometry": {"type": "LineString", "coordinates": [[-87.66930946, 41.8548682], [-87.66923962, 41.85493817]]}}, {"type": "Feature", "properties": {"route_id": "Pink", "route_long_name": "Pink Line", "route_color": "#E27EA6", "route_text_color": "#FFFFFF", "shape_id": "309000035"}, "geometry": {"type": "LineString", "coordinates": [[-87.66923962, 41.85493817], [-87.66919636, 41.85499729]]}}, {"type": "Feature", "properties": {"route_id": "Pink", "route_long_name": "Pink Line", "route_color": "#E27EA6", "route_text_color": "#FFFFFF", "shape_id": "309000035"}, "geometry": {"type": "LineString", "coordinates": [[-87.66919636, 41.85499729], [-87.66917458, 41.85504907]]}}, {"type": "Feature", "properties": {"route_id": "Pink", "route_long_name": "Pink Line", "route_color": "#E27EA6", "route_text_color": "#FFFFFF", "shape_id": "309000035"}, "geometry": {"type": "LineString", "coordinates": [[-87.66917458, 41.85504907], [-87.66914816, 41.85510543]]}}, {"type": "Feature", "properties": {"route_id": "Pink", "route_long_name": "Pink Line", "route_color": "#E27EA6", "route_text_color": "#FFFFFF", "shape_id": "309000035"}, "geometry": {"type": "LineString", "coordinates": [[-87.66914816, 41.85510543], [-87.66912238, 41.85518267]]}}, {"type": "Feature", "properties": {"route_id": "Pink", "route_long_name": "Pink Line", "route_color": "#E27EA6", "route_text_color": "#FFFFFF", "shape_id": "309000035"}, "geometry": {"type": "LineString", "coordinates": [[-87.66912238, 41.85518267], [-87.66911317, 41.85522]]}}, {"type": "Feature", "properties": {"route_id": "Pink", "route_long_name": "Pink Line", "route_color": "#E27EA6", "route_text_color": "#FFFFFF", "shape_id": "309000035"}, "geometry": {"type": "LineString", "coordinates": [[-87.66911317, 41.85522], [-87.66910318, 41.85533318]]}}, {"type": "Feature", "properties": {"route_id": "Pink", "route_long_name": "Pink Line", "route_color": "#E27EA6", "route_text_color": "#FFFFFF", "shape_id": "309000035"}, "geometry": {"type": "LineString", "coordinates": [[-87.66910318, 41.85533318], [-87.66916589, 41.85791556]]}}, {"type": "Feature", "properties": {"route_id": "Pink", "route_long_name": "Pink Line", "route_color": "#E27EA6", "route_text_color": "#FFFFFF", "shape_id": "309000035"}, "geometry": {"type": "LineString", "coordinates": [[-87.66916589, 41.85791556], [-87.66922156, 41.86009527]]}}, {"type": "Feature", "properties": {"route_id": "Pink", "route_long_name": "Pink Line", "route_color": "#E27EA6", "route_text_color": "#FFFFFF", "shape_id": "309000035"}, "geometry": {"type": "LineString", "coordinates": [[-87.66922156, 41.86009527], [-87.66925006, 41.86103639]]}}, {"type": "Feature", "properties": {"route_id": "Pink", "route_long_name": "Pink Line", "route_color": "#E27EA6", "route_text_color": "#FFFFFF", "shape_id": "309000035"}, "geometry": {"type": "LineString", "coordinates": [[-87.66925006, 41.86103639], [-87.66929872, 41.86280186]]}}, {"type": "Feature", "properties": {"route_id": "Pink", "route_long_name": "Pink Line", "route_color": "#E27EA6", "route_text_color": "#FFFFFF", "shape_id": "309000035"}, "geometry": {"type": "LineString", "coordinates": [[-87.66929872, 41.86280186], [-87.66935436, 41.8648163]]}}, {"type": "Feature", "properties": {"route_id": "Pink", "route_long_name": "Pink Line", "route_color": "#E27EA6", "route_text_color": "#FFFFFF", "shape_id": "309000035"}, "geometry": {"type": "LineString", "coordinates": [[-87.66935436, 41.8648163], [-87.66942609, 41.86674572]]}}, {"type": "Feature", "properties": {"route_id": "Pink", "route_long_name": "Pink Line", "route_color": "#E27EA6", "route_text_color": "#FFFFFF", "shape_id": "309000035"}, "geometry": {"type": "LineString", "coordinates": [[-87.66942609, 41.86674572], [-87.66946024, 41.86808657]]}}, {"type": "Feature", "properties": {"route_id": "Pink", "route_long_name": "Pink Line", "route_color": "#E27EA6", "route_text_color": "#FFFFFF", "shape_id": "309000035"}, "geometry": {"type": "LineString", "coordinates": [[-87.66946024, 41.86808657], [-87.66948742, 41.86915381]]}}, {"type": "Feature", "properties": {"route_id": "Pink", "route_long_name": "Pink Line", "route_color": "#E27EA6", "route_text_color": "#FFFFFF", "shape_id": "309000035"}, "geometry": {"type": "LineString", "coordinates": [[-87.66948742, 41.86915381], [-87.66950223, 41.86973504]]}}, {"type": "Feature", "properties": {"route_id": "Pink", "route_long_name": "Pink Line", "route_color": "#E27EA6", "route_text_color": "#FFFFFF", "shape_id": "309000035"}, "geometry": {"type": "LineString", "coordinates": [[-87.66950223, 41.86973504], [-87.66954899, 41.87157086]]}}, {"type": "Feature", "properties": {"route_id": "Pink", "route_long_name": "Pink Line", "route_color": "#E27EA6", "route_text_color": "#FFFFFF", "shape_id": "309000035"}, "geometry": {"type": "LineString", "coordinates": [[-87.66954899, 41.87157086], [-87.66964908, 41.87515757]]}}, {"type": "Feature", "properties": {"route_id": "Pink", "route_long_name": "Pink Line", "route_color": "#E27EA6", "route_text_color": "#FFFFFF", "shape_id": "309000035"}, "geometry": {"type": "LineString", "coordinates": [[-87.66964908, 41.87515757], [-87.6697069, 41.87543436]]}}, {"type": "Feature", "properties": {"route_id": "Pink", "route_long_name": "Pink Line", "route_color": "#E27EA6", "route_text_color": "#FFFFFF", "shape_id": "309000035"}, "geometry": {"type": "LineString", "coordinates": [[-87.6697069, 41.87543436], [-87.6697176, 41.87575424]]}}, {"type": "Feature", "properties": {"route_id": "Pink", "route_long_name": "Pink Line", "route_color": "#E27EA6", "route_text_color": "#FFFFFF", "shape_id": "309000035"}, "geometry": {"type": "LineString", "coordinates": [[-87.6697176, 41.87575424], [-87.66974176, 41.876932]]}}, {"type": "Feature", "properties": {"route_id": "Pink", "route_long_name": "Pink Line", "route_color": "#E27EA6", "route_text_color": "#FFFFFF", "shape_id": "309000035"}, "geometry": {"type": "LineString", "coordinates": [[-87.66974176, 41.876932], [-87.66976006, 41.87755461]]}}, {"type": "Feature", "properties": {"route_id": "Pink", "route_long_name": "Pink Line", "route_color": "#E27EA6", "route_text_color": "#FFFFFF", "shape_id": "309000035"}, "geometry": {"type": "LineString", "coordinates": [[-87.66976006, 41.87755461], [-87.66976619, 41.87776901]]}}, {"type": "Feature", "properties": {"route_id": "Pink", "route_long_name": "Pink Line", "route_color": "#E27EA6", "route_text_color": "#FFFFFF", "shape_id": "309000035"}, "geometry": {"type": "LineString", "coordinates": [[-87.66976619, 41.87776901], [-87.66977156, 41.87780836]]}}, {"type": "Feature", "properties": {"route_id": "Pink", "route_long_name": "Pink Line", "route_color": "#E27EA6", "route_text_color": "#FFFFFF", "shape_id": "309000035"}, "geometry": {"type": "LineString", "coordinates": [[-87.66977156, 41.87780836], [-87.66978115, 41.87787364]]}}, {"type": "Feature", "properties": {"route_id": "Pink", "route_long_name": "Pink Line", "route_color": "#E27EA6", "route_text_color": "#FFFFFF", "shape_id": "309000035"}, "geometry": {"type": "LineString", "coordinates": [[-87.66978115, 41.87787364], [-87.66979359, 41.87791111]]}}, {"type": "Feature", "properties": {"route_id": "Pink", "route_long_name": "Pink Line", "route_color": "#E27EA6", "route_text_color": "#FFFFFF", "shape_id": "309000035"}, "geometry": {"type": "LineString", "coordinates": [[-87.66979359, 41.87791111], [-87.66980982, 41.87795485]]}}, {"type": "Feature", "properties": {"route_id": "Pink", "route_long_name": "Pink Line", "route_color": "#E27EA6", "route_text_color": "#FFFFFF", "shape_id": "309000035"}, "geometry": {"type": "LineString", "coordinates": [[-87.66980982, 41.87795485], [-87.66983241, 41.87800485]]}}, {"type": "Feature", "properties": {"route_id": "Pink", "route_long_name": "Pink Line", "route_color": "#E27EA6", "route_text_color": "#FFFFFF", "shape_id": "309000035"}, "geometry": {"type": "LineString", "coordinates": [[-87.66983241, 41.87800485], [-87.66986461, 41.87805587]]}}, {"type": "Feature", "properties": {"route_id": "Pink", "route_long_name": "Pink Line", "route_color": "#E27EA6", "route_text_color": "#FFFFFF", "shape_id": "309000035"}, "geometry": {"type": "LineString", "coordinates": [[-87.66986461, 41.87805587], [-87.66995007, 41.87817813]]}}, {"type": "Feature", "properties": {"route_id": "Pink", "route_long_name": "Pink Line", "route_color": "#E27EA6", "route_text_color": "#FFFFFF", "shape_id": "309000035"}, "geometry": {"type": "LineString", "coordinates": [[-87.66995007, 41.87817813], [-87.67000562, 41.87827232]]}}, {"type": "Feature", "properties": {"route_id": "Pink", "route_long_name": "Pink Line", "route_color": "#E27EA6", "route_text_color": "#FFFFFF", "shape_id": "309000035"}, "geometry": {"type": "LineString", "coordinates": [[-87.67000562, 41.87827232], [-87.6700436, 41.87837252]]}}, {"type": "Feature", "properties": {"route_id": "Pink", "route_long_name": "Pink Line", "route_color": "#E27EA6", "route_text_color": "#FFFFFF", "shape_id": "309000035"}, "geometry": {"type": "LineString", "coordinates": [[-87.6700436, 41.87837252], [-87.67006146, 41.87848972]]}}, {"type": "Feature", "properties": {"route_id": "Pink", "route_long_name": "Pink Line", "route_color": "#E27EA6", "route_text_color": "#FFFFFF", "shape_id": "309000035"}, "geometry": {"type": "LineString", "coordinates": [[-87.67006146, 41.87848972], [-87.67006207, 41.87858243]]}}, {"type": "Feature", "properties": {"route_id": "Pink", "route_long_name": "Pink Line", "route_color": "#E27EA6", "route_text_color": "#FFFFFF", "shape_id": "309000035"}, "geometry": {"type": "LineString", "coordinates": [[-87.67006207, 41.87858243], [-87.67006345, 41.87893419]]}}, {"type": "Feature", "properties": {"route_id": "Pink", "route_long_name": "Pink Line", "route_color": "#E27EA6", "route_text_color": "#FFFFFF", "shape_id": "309000035"}, "geometry": {"type": "LineString", "coordinates": [[-87.67006345, 41.87893419], [-87.67012491, 41.88058989]]}}, {"type": "Feature", "properties": {"route_id": "Pink", "route_long_name": "Pink Line", "route_color": "#E27EA6", "route_text_color": "#FFFFFF", "shape_id": "309000035"}, "geometry": {"type": "LineString", "coordinates": [[-87.67012491, 41.88058989], [-87.67019283, 41.88275487]]}}, {"type": "Feature", "properties": {"route_id": "Pink", "route_long_name": "Pink Line", "route_color": "#E27EA6", "route_text_color": "#FFFFFF", "shape_id": "309000035"}, "geometry": {"type": "LineString", "coordinates": [[-87.67019283, 41.88275487], [-87.67014056, 41.88307225]]}}, {"type": "Feature", "properties": {"route_id": "Pink", "route_long_name": "Pink Line", "route_color": "#E27EA6", "route_text_color": "#FFFFFF", "shape_id": "309000035"}, "geometry": {"type": "LineString", "coordinates": [[-87.67014056, 41.88307225], [-87.67010221, 41.88341848]]}}, {"type": "Feature", "properties": {"route_id": "Pink", "route_long_name": "Pink Line", "route_color": "#E27EA6", "route_text_color": "#FFFFFF", "shape_id": "309000035"}, "geometry": {"type": "LineString", "coordinates": [[-87.67010221, 41.88341848], [-87.67012575, 41.88400138]]}}, {"type": "Feature", "properties": {"route_id": "Pink", "route_long_name": "Pink Line", "route_color": "#E27EA6", "route_text_color": "#FFFFFF", "shape_id": "309000035"}, "geometry": {"type": "LineString", "coordinates": [[-87.67012575, 41.88400138], [-87.67014384, 41.88439644]]}}, {"type": "Feature", "properties": {"route_id": "Pink", "route_long_name": "Pink Line", "route_color": "#E27EA6", "route_text_color": "#FFFFFF", "shape_id": "309000035"}, "geometry": {"type": "LineString", "coordinates": [[-87.67014384, 41.88439644], [-87.67014946, 41.88456771]]}}, {"type": "Feature", "properties": {"route_id": "Pink", "route_long_name": "Pink Line", "route_color": "#E27EA6", "route_text_color": "#FFFFFF", "shape_id": "309000035"}, "geometry": {"type": "LineString", "coordinates": [[-87.67014946, 41.88456771], [-87.67013706, 41.88469469]]}}, {"type": "Feature", "properties": {"route_id": "Pink", "route_long_name": "Pink Line", "route_color": "#E27EA6", "route_text_color": "#FFFFFF", "shape_id": "309000035"}, "geometry": {"type": "LineString", "coordinates": [[-87.67013706, 41.88469469], [-87.67011876, 41.8848114]]}}, {"type": "Feature", "properties": {"route_id": "Pink", "route_long_name": "Pink Line", "route_color": "#E27EA6", "route_text_color": "#FFFFFF", "shape_id": "309000035"}, "geometry": {"type": "LineString", "coordinates": [[-87.67011876, 41.8848114], [-87.67006743, 41.88488882]]}}, {"type": "Feature", "properties": {"route_id": "Pink", "route_long_name": "Pink Line", "route_color": "#E27EA6", "route_text_color": "#FFFFFF", "shape_id": "309000035"}, "geometry": {"type": "LineString", "coordinates": [[-87.67006743, 41.88488882], [-87.6700175, 41.88495044]]}}, {"type": "Feature", "properties": {"route_id": "Pink", "route_long_name": "Pink Line", "route_color": "#E27EA6", "route_text_color": "#FFFFFF", "shape_id": "309000035"}, "geometry": {"type": "LineString", "coordinates": [[-87.6700175, 41.88495044], [-87.66990031, 41.8850717]]}}, {"type": "Feature", "properties": {"route_id": "Pink", "route_long_name": "Pink Line", "route_color": "#E27EA6", "route_text_color": "#FFFFFF", "shape_id": "309000035"}, "geometry": {"type": "LineString", "coordinates": [[-87.66990031, 41.8850717], [-87.66979244, 41.88513736]]}}, {"type": "Feature", "properties": {"route_id": "Pink", "route_long_name": "Pink Line", "route_color": "#E27EA6", "route_text_color": "#FFFFFF", "shape_id": "309000035"}, "geometry": {"type": "LineString", "coordinates": [[-87.66979244, 41.88513736], [-87.6696402, 41.88520553]]}}, {"type": "Feature", "properties": {"route_id": "Pink", "route_long_name": "Pink Line", "route_color": "#E27EA6", "route_text_color": "#FFFFFF", "shape_id": "309000035"}, "geometry": {"type": "LineString", "coordinates": [[-87.6696402, 41.88520553], [-87.66943443, 41.8852505]]}}, {"type": "Feature", "properties": {"route_id": "Pink", "route_long_name": "Pink Line", "route_color": "#E27EA6", "route_text_color": "#FFFFFF", "shape_id": "309000035"}, "geometry": {"type": "LineString", "coordinates": [[-87.66943443, 41.8852505], [-87.6669567, 41.88531925]]}}, {"type": "Feature", "properties": {"route_id": "Pink", "route_long_name": "Pink Line", "route_color": "#E27EA6", "route_text_color": "#FFFFFF", "shape_id": "309000035"}, "geometry": {"type": "LineString", "coordinates": [[-87.6669567, 41.88531925], [-87.66516961, 41.88535898]]}}, {"type": "Feature", "properties": {"route_id": "Pink", "route_long_name": "Pink Line", "route_color": "#E27EA6", "route_text_color": "#FFFFFF", "shape_id": "309000035"}, "geometry": {"type": "LineString", "coordinates": [[-87.66516961, 41.88535898], [-87.66414906, 41.88538525]]}}, {"type": "Feature", "properties": {"route_id": "Pink", "route_long_name": "Pink Line", "route_color": "#E27EA6", "route_text_color": "#FFFFFF", "shape_id": "309000035"}, "geometry": {"type": "LineString", "coordinates": [[-87.66414906, 41.88538525], [-87.66312865, 41.8853972]]}}, {"type": "Feature", "properties": {"route_id": "Pink", "route_long_name": "Pink Line", "route_color": "#E27EA6", "route_text_color": "#FFFFFF", "shape_id": "309000035"}, "geometry": {"type": "LineString", "coordinates": [[-87.66312865, 41.8853972], [-87.66148521, 41.88544128]]}}, {"type": "Feature", "properties": {"route_id": "Pink", "route_long_name": "Pink Line", "route_color": "#E27EA6", "route_text_color": "#FFFFFF", "shape_id": "309000035"}, "geometry": {"type": "LineString", "coordinates": [[-87.66148521, 41.88544128], [-87.65835201, 41.88549092]]}}, {"type": "Feature", "properties": {"route_id": "Pink", "route_long_name": "Pink Line", "route_color": "#E27EA6", "route_text_color": "#FFFFFF", "shape_id": "309000035"}, "geometry": {"type": "LineString", "coordinates": [[-87.65835201, 41.88549092], [-87.65673277, 41.88551003]]}}, {"type": "Feature", "properties": {"route_id": "Pink", "route_long_name": "Pink Line", "route_color": "#E27EA6", "route_text_color": "#FFFFFF", "shape_id": "309000035"}, "geometry": {"type": "LineString", "coordinates": [[-87.65673277, 41.88551003], [-87.6555924, 41.88554267]]}}, {"type": "Feature", "properties": {"route_id": "Pink", "route_long_name": "Pink Line", "route_color": "#E27EA6", "route_text_color": "#FFFFFF", "shape_id": "309000035"}, "geometry": {"type": "LineString", "coordinates": [[-87.6555924, 41.88554267], [-87.65311527, 41.88556809]]}}, {"type": "Feature", "properties": {"route_id": "Pink", "route_long_name": "Pink Line", "route_color": "#E27EA6", "route_text_color": "#FFFFFF", "shape_id": "309000035"}, "geometry": {"type": "LineString", "coordinates": [[-87.65311527, 41.88556809], [-87.65213569, 41.88558461]]}}, {"type": "Feature", "properties": {"route_id": "Pink", "route_long_name": "Pink Line", "route_color": "#E27EA6", "route_text_color": "#FFFFFF", "shape_id": "309000035"}, "geometry": {"type": "LineString", "coordinates": [[-87.65213569, 41.88558461], [-87.6518795, 41.88558893]]}}, {"type": "Feature", "properties": {"route_id": "Pink", "route_long_name": "Pink Line", "route_color": "#E27EA6", "route_text_color": "#FFFFFF", "shape_id": "309000035"}, "geometry": {"type": "LineString", "coordinates": [[-87.6518795, 41.88558893], [-87.65088562, 41.88561188]]}}, {"type": "Feature", "properties": {"route_id": "Pink", "route_long_name": "Pink Line", "route_color": "#E27EA6", "route_text_color": "#FFFFFF", "shape_id": "309000035"}, "geometry": {"type": "LineString", "coordinates": [[-87.65088562, 41.88561188], [-87.64972704, 41.88563]]}}, {"type": "Feature", "properties": {"route_id": "Pink", "route_long_name": "Pink Line", "route_color": "#E27EA6", "route_text_color": "#FFFFFF", "shape_id": "309000035"}, "geometry": {"type": "LineString", "coordinates": [[-87.64972704, 41.88563], [-87.64851177, 41.88565354]]}}, {"type": "Feature", "properties": {"route_id": "Pink", "route_long_name": "Pink Line", "route_color": "#E27EA6", "route_text_color": "#FFFFFF", "shape_id": "309000035"}, "geometry": {"type": "LineString", "coordinates": [[-87.64851177, 41.88565354], [-87.64736091, 41.88567167]]}}, {"type": "Feature", "properties": {"route_id": "Pink", "route_long_name": "Pink Line", "route_color": "#E27EA6", "route_text_color": "#FFFFFF", "shape_id": "309000035"}, "geometry": {"type": "LineString", "coordinates": [[-87.64736091, 41.88567167], [-87.64634394, 41.88568675]]}}, {"type": "Feature", "properties": {"route_id": "Pink", "route_long_name": "Pink Line", "route_color": "#E27EA6", "route_text_color": "#FFFFFF", "shape_id": "309000035"}, "geometry": {"type": "LineString", "coordinates": [[-87.64634394, 41.88568675], [-87.64506698, 41.88570219]]}}, {"type": "Feature", "properties": {"route_id": "Pink", "route_long_name": "Pink Line", "route_color": "#E27EA6", "route_text_color": "#FFFFFF", "shape_id": "309000035"}, "geometry": {"type": "LineString", "coordinates": [[-87.64506698, 41.88570219], [-87.64394707, 41.88571471]]}}, {"type": "Feature", "properties": {"route_id": "Pink", "route_long_name": "Pink Line", "route_color": "#E27EA6", "route_text_color": "#FFFFFF", "shape_id": "309000035"}, "geometry": {"type": "LineString", "coordinates": [[-87.64394707, 41.88571471], [-87.64280517, 41.88571032]]}}, {"type": "Feature", "properties": {"route_id": "Pink", "route_long_name": "Pink Line", "route_color": "#E27EA6", "route_text_color": "#FFFFFF", "shape_id": "309000035"}, "geometry": {"type": "LineString", "coordinates": [[-87.64280517, 41.88571032], [-87.64177706, 41.88571128]]}}, {"type": "Feature", "properties": {"route_id": "Pink", "route_long_name": "Pink Line", "route_color": "#E27EA6", "route_text_color": "#FFFFFF", "shape_id": "309000035"}, "geometry": {"type": "LineString", "coordinates": [[-87.64177706, 41.88571128], [-87.63884382, 41.88571289]]}}, {"type": "Feature", "properties": {"route_id": "Pink", "route_long_name": "Pink Line", "route_color": "#E27EA6", "route_text_color": "#FFFFFF", "shape_id": "309000035"}, "geometry": {"type": "LineString", "coordinates": [[-87.63884382, 41.88571289], [-87.63720512, 41.8857194]]}}, {"type": "Feature", "properties": {"route_id": "Pink", "route_long_name": "Pink Line", "route_color": "#E27EA6", "route_text_color": "#FFFFFF", "shape_id": "309000035"}, "geometry": {"type": "LineString", "coordinates": [[-87.63720512, 41.8857194], [-87.63515744, 41.8857275]]}}, {"type": "Feature", "properties": {"route_id": "Pink", "route_long_name": "Pink Line", "route_color": "#E27EA6", "route_text_color": "#FFFFFF", "shape_id": "309000035"}, "geometry": {"type": "LineString", "coordinates": [[-87.63515744, 41.8857275], [-87.63391893, 41.88573238]]}}, {"type": "Feature", "properties": {"route_id": "Pink", "route_long_name": "Pink Line", "route_color": "#E27EA6", "route_text_color": "#FFFFFF", "shape_id": "309000035"}, "geometry": {"type": "LineString", "coordinates": [[-87.63391893, 41.88573238], [-87.63285147, 41.885738], [-87.63204551, 41.88574451], [-87.63089177, 41.88574484], [-87.63020427, 41.88574537], [-87.6301197, 41.88574557], [-87.6299274, 41.88574601], [-87.62982204, 41.88574626], [-87.62948396, 41.88574704], [-87.62887754, 41.88574844], [-87.62784094, 41.88574827], [-87.62683561, 41.88574666], [-87.62661795, 41.88574631], [-87.62656012, 41.8857441], [-87.62650898, 41.88574084], [-87.62642642, 41.88573037], [-87.62635259, 41.88569726], [-87.62630802, 41.88566611], [-87.62627344, 41.88562562], [-87.6262587, 41.88557788], [-87.62626051, 41.88552922], [-87.62626248, 41.88535057], [-87.62622786, 41.88444275], [-87.62619456, 41.88322886], [-87.62616192, 41.88203875], [-87.62610365, 41.87951807], [-87.62605954, 41.87831481], [-87.62603967, 41.87697364], [-87.62635488, 41.87696833], [-87.6265018, 41.87696715], [-87.62757293, 41.87693997], [-87.62821489, 41.87691619], [-87.62925871, 41.87689399], [-87.63173959, 41.87686319], [-87.63263213, 41.87685673], [-87.6333812, 41.87685415], [-87.63345438, 41.87686651], [-87.63353383, 41.87688843], [-87.63359091, 41.87691498], [-87.63365097, 41.87696061], [-87.63369886, 41.87707066], [-87.6336922, 41.87726911], [-87.63374573, 41.87873114], [-87.63378832, 41.88014877], [-87.63385066, 41.88144742], [-87.63385928, 41.88270287], [-87.63389482, 41.88441348], [-87.63391893, 41.88573238]]}}, {"type": "Feature", "properties": {"route_id": "Red", "route_long_name": "Red Line", "route_color": "#C60C30", "route_text_color": "#FFFFFF", "shape_id": "309000007"}, "geometry": {"type": "LineString", "coordinates": [[-87.67289823, 42.0190711], [-87.67233005, 42.01860324], [-87.67178036, 42.0181506], [-87.67142664, 42.01785791], [-87.67079302, 42.01733363], [-87.67037088, 42.01698432], [-87.66988791, 42.01658467], [-87.66909789, 42.01588406], [-87.66769798, 42.01467084], [-87.66718909, 42.01422277], [-87.66689628, 42.01388965], [-87.66664051, 42.01355674], [-87.66630395, 42.0129817], [-87.66613201, 42.01260094], [-87.66606134, 42.012276], [-87.6660196, 42.01184076], [-87.66597704, 42.01059767], [-87.66591486, 42.00836969], [-87.66583738, 42.00687393], [-87.66577548, 42.00619233], [-87.66571824, 42.00586755], [-87.66553138, 42.00525755], [-87.66527697, 42.00467313], [-87.66500487, 42.00415573], [-87.66477402, 42.00382323], [-87.6644812, 42.00348793], [-87.66404806, 42.00308916], [-87.66346757, 42.00264578], [-87.66343646, 42.00262572], [-87.6628863, 42.00227308], [-87.66225499, 42.00187675], [-87.66166325, 42.00153284], [-87.66142601, 42.00137464], [-87.66106647, 42.00108123], [-87.66083355, 42.00090723], [-87.66067585, 42.00076371], [-87.66049767, 42.0005971], [-87.66035746, 42.0004445], [-87.66021735, 42.00028271], [-87.66005286, 42.00009317], [-87.6599008, 41.99989451], [-87.65978574, 41.99969606], [-87.65965276, 41.99944232], [-87.65956256, 41.99922562], [-87.65948474, 41.99900439], [-87.65943128, 41.9988109], [-87.65936055, 41.99850233], [-87.65931409, 41.9982307], [-87.65927345, 41.9979913], [-87.65927228, 41.99751756], [-87.65926296, 41.99723234], [-87.65921699, 41.9963306], [-87.65919495, 41.99549799], [-87.6591889, 41.99464248], [-87.65920805, 41.99367213], [-87.65913626, 41.9923609], [-87.65908655, 41.99083976], [-87.65908163, 41.99026737], [-87.65902018, 41.98881974], [-87.65898912, 41.98760942], [-87.65887936, 41.98450984], [-87.65884605, 41.9835121], [-87.65879782, 41.98185196], [-87.65875624, 41.98060069], [-87.65872216, 41.97967653], [-87.65867419, 41.97799186], [-87.6585937, 41.97523586], [-87.65853573, 41.97346119], [-87.65849398, 41.97118784], [-87.65849873, 41.96914681], [-87.65847134, 41.96838401], [-87.65842786, 41.96746683], [-87.65839005, 41.96688937], [-87.65836435, 41.96669789], [-87.65832475, 41.9665115], [-87.65819611, 41.96622633], [-87.6580271, 41.96582716], [-87.65759328, 41.96428056], [-87.65756924, 41.96397833], [-87.65700442, 41.96182205], [-87.65689585, 41.95861858], [-87.65684249, 41.95693046], [-87.65677479, 41.95491444], [-87.65674443, 41.95441811], [-87.6567456, 41.95430736], [-87.65672327, 41.95417434], [-87.65665337, 41.95404989], [-87.65657109, 41.95397409], [-87.65647114, 41.95388491], [-87.65635326, 41.9538089], [-87.65624079, 41.95378166], [-87.65606879, 41.95377178], [-87.6555762, 41.95377331], [-87.65493516, 41.95378281], [-87.65431225, 41.95376141], [-87.65408439, 41.9537419], [-87.65394484, 41.95371051], [-87.65385644, 41.95365239], [-87.65379182, 41.95358999], [-87.65373912, 41.95352323], [-87.65369848, 41.95343882], [-87.65369045, 41.95332815], [-87.65367735, 41.9531194], [-87.65363169, 41.95246384], [-87.65366625, 41.95200333], [-87.65366408, 41.95109075], [-87.6536514, 41.95060781], [-87.65364131, 41.94820673], [-87.6536317, 41.94743586], [-87.65362552, 41.9468998], [-87.6535406, 41.94539755], [-87.65352063, 41.94448486], [-87.65348046, 41.94435616], [-87.65342852, 41.94421852], [-87.65342414, 41.94407231], [-87.65340817, 41.94389945], [-87.65339376, 41.9435804], [-87.65336833, 41.94318156], [-87.6533833, 41.94288927], [-87.65340322, 41.94269004], [-87.65343025, 41.94238011], [-87.65345968, 41.94218468], [-87.6534477, 41.94186021], [-87.65342868, 41.94146471], [-87.65340284, 41.94084027], [-87.65338875, 41.93992164], [-87.65338625, 41.93975861], [-87.65338068, 41.93939549], [-87.65337365, 41.93893662], [-87.65336938, 41.93865814], [-87.65333158, 41.93764005], [-87.65331441, 41.93717744], [-87.6532809, 41.93627449], [-87.65327221, 41.93604047], [-87.65324069, 41.9353278], [-87.65322253, 41.93491807], [-87.65320224, 41.93445997], [-87.65314307, 41.93312462], [-87.65313662, 41.93273936], [-87.65310161, 41.93218483], [-87.65307613, 41.93152254], [-87.65305256, 41.9309096], [-87.65302948, 41.93030959], [-87.65299894, 41.92951536], [-87.65296799, 41.92871064], [-87.65296055, 41.92842599], [-87.6529412, 41.92768595], [-87.65292736, 41.92715665], [-87.65289711, 41.92599911], [-87.65288083, 41.92537635], [-87.6528716, 41.92505923], [-87.65282296, 41.92353018], [-87.65276564, 41.92172606], [-87.6527469, 41.92113642], [-87.65265007, 41.91822443], [-87.65264558, 41.91808958], [-87.65263065, 41.91764042], [-87.65261557, 41.91718721], [-87.65255411, 41.91563365], [-87.65250619, 41.91406733], [-87.65249957, 41.91327602], [-87.65249675, 41.9131697], [-87.65249158, 41.91308909], [-87.65243015, 41.91299535], [-87.65235859, 41.91294141], [-87.65141278, 41.91226345], [-87.65070378, 41.91175337], [-87.64918303, 41.91066244], [-87.64786012, 41.90971558], [-87.6455511, 41.90807489], [-87.64069186, 41.90458837], [-87.63993979, 41.90404864], [-87.63971786, 41.90392543], [-87.63951128, 41.90384152], [-87.63926276, 41.90379868], [-87.63896239, 41.90379837], [-87.6369863, 41.90383265], [-87.63447589, 41.90387616], [-87.63141805, 41.90392817], [-87.62908286, 41.9039531], [-87.62892006, 41.90394399], [-87.6288082, 41.90391085], [-87.62875064, 41.90387805], [-87.62870053, 41.90382636], [-87.62867225, 41.90376398], [-87.62864816, 41.90365025], [-87.62862588, 41.90317122], [-87.6283537, 41.90212819], [-87.6283031, 41.90026955], [-87.6282699, 41.89914434], [-87.6281821, 41.89667907], [-87.62813494, 41.89563081], [-87.62809392, 41.8941267], [-87.62804525, 41.89234206], [-87.62802701, 41.89167306], [-87.62800109, 41.89072257], [-87.62799508, 41.88965646], [-87.62794073, 41.88784034], [-87.6278366, 41.88596891], [-87.62784094, 41.88574827], [-87.62781913, 41.88481672], [-87.62775412, 41.88322256], [-87.62770221, 41.88075241], [-87.62760185, 41.87816061], [-87.62757157, 41.87688237], [-87.62754907, 41.87593278], [-87.6275174, 41.87472209], [-87.62748487, 41.8740471], [-87.62749291, 41.8730651], [-87.6274624, 41.87189859], [-87.6274748, 41.87077122], [-87.62745716, 41.8692225], [-87.62740813, 41.86737552], [-87.6273652, 41.86576184], [-87.62731475, 41.86404445], [-87.62739805, 41.86364067], [-87.62756137, 41.86338132], [-87.62768313, 41.86326204], [-87.62778683, 41.86316354], [-87.62804069, 41.86297215], [-87.62849626, 41.86269385], [-87.629347, 41.86212258], [-87.63018358, 41.86138924], [-87.63058735, 41.86093622], [-87.63095015, 41.86035292], [-87.63102009, 41.86028354], [-87.63112778, 41.86013723], [-87.63120929, 41.8599686], [-87.63130067, 41.85977144], [-87.63137026, 41.8595265], [-87.6314244, 41.85923859], [-87.63144351, 41.85894808], [-87.63144621, 41.85870035], [-87.63142443, 41.85746873], [-87.63136697, 41.85575976], [-87.63128301, 41.85454796], [-87.63116095, 41.85390093], [-87.63106742, 41.85352108], [-87.63097357, 41.85321365], [-87.63091169, 41.85294678], [-87.63085563, 41.85268415], [-87.63082648, 41.85243623], [-87.63074063, 41.85179905], [-87.6306945, 41.85108007], [-87.63069173, 41.84961016], [-87.63073052, 41.84897674], [-87.63085504, 41.84837004], [-87.63101765, 41.84748487], [-87.63109423, 41.84718281], [-87.63115509, 41.84686158], [-87.631176, 41.84669734], [-87.63120923, 41.84648031], [-87.63127751, 41.8458642], [-87.63128497, 41.84547944], [-87.63126228, 41.84459102], [-87.63114151, 41.84285945], [-87.63103737, 41.84184509], [-87.63093614, 41.84037359], [-87.63087273, 41.83953315], [-87.63081707, 41.83721954], [-87.63075213, 41.83495409], [-87.63064204, 41.83119841], [-87.63056472, 41.82749159], [-87.63050757, 41.82519784], [-87.63044186, 41.8226934], [-87.6303147, 41.8176945], [-87.63028486, 41.81647494], [-87.63025754, 41.81524784], [-87.63021665, 41.81351534], [-87.63019204, 41.81281868], [-87.63019925, 41.8124752], [-87.63022426, 41.8121462], [-87.6302777, 41.81182652], [-87.63038506, 41.81148021], [-87.63042054, 41.81139261], [-87.63056305, 41.81109387], [-87.63103154, 41.81034598], [-87.63134186, 41.8098554], [-87.63152208, 41.8094751], [-87.63157306, 41.80933766], [-87.63159195, 41.80929387], [-87.63160627, 41.80924746], [-87.63161948, 41.80919675], [-87.63168607, 41.80899999], [-87.63170145, 41.80896134], [-87.63174632, 41.80870823], [-87.63177742, 41.80853735], [-87.6317972, 41.80830674], [-87.63181247, 41.80805364], [-87.63179485, 41.80769015], [-87.63173864, 41.8069065], [-87.63162605, 41.80535535], [-87.63146761, 41.80306098], [-87.6313508, 41.80189742], [-87.63132784, 41.80084511], [-87.63124705, 41.79776157], [-87.63117491, 41.7954261], [-87.63115048, 41.79390951], [-87.63110491, 41.79168028], [-87.63100953, 41.78772964], [-87.63103692, 41.78722334], [-87.63112781, 41.78559009], [-87.63106579, 41.78336764], [-87.63105072, 41.78270768], [-87.63100619, 41.78054217], [-87.63097705, 41.77983006], [-87.63093779, 41.77942927], [-87.63082444, 41.77893116], [-87.63077259, 41.77874993], [-87.63065223, 41.77847605], [-87.63048961, 41.77815639], [-87.63028635, 41.77784017], [-87.63004525, 41.777497], [-87.62979586, 41.77723667], [-87.62954513, 41.77698739], [-87.62926197, 41.77677751], [-87.62882631, 41.77644972], [-87.62853207, 41.7762407], [-87.62750943, 41.77541666], [-87.62725643, 41.77515133], [-87.62712505, 41.77501422], [-87.62704545, 41.77491352], [-87.62683683, 41.77463963], [-87.62670496, 41.7744583], [-87.62652408, 41.77416836], [-87.62644983, 41.77402865], [-87.62642081, 41.77398205], [-87.62635546, 41.77383797], [-87.62619976, 41.77349661], [-87.62618108, 41.77344047], [-87.62603336, 41.7729651], [-87.62601272, 41.77287213], [-87.62596853, 41.77259409], [-87.62595937, 41.77253214], [-87.62592574, 41.77218895], [-87.62590355, 41.77187936], [-87.62585457, 41.77015679], [-87.62581509, 41.7683757], [-87.62569682, 41.76542351], [-87.62567791, 41.76290358], [-87.62558006, 41.75815482], [-87.62553864, 41.75604717], [-87.62550141, 41.75516632], [-87.62538056, 41.75388402], [-87.62531184, 41.75316903], [-87.62525582, 41.75264779], [-87.62521059, 41.75189545], [-87.62519665, 41.75129125], [-87.62518409, 41.75042018], [-87.62500379, 41.74460729], [-87.62497273, 41.74303762], [-87.62482856, 41.73949124], [-87.62478962, 41.73614271], [-87.62475881, 41.73537904], [-87.6247275, 41.73449091], [-87.62464, 41.73212529], [-87.62458982, 41.72905256], [-87.62454944, 41.72800917], [-87.62442048, 41.72238381]]}}, {"type": "Feature", "properties": {"route_id": "Red", "route_long_name": "Red Line", "route_color": "#C60C30", "route_text_color": "#FFFFFF", "shape_id": "309000008"}, "geometry": {"type": "LineString", "coordinates": [[-87.62442048, 41.72238381], [-87.62454944, 41.72800917], [-87.62458982, 41.72905256], [-87.62464, 41.73212529], [-87.6247275, 41.73449091], [-87.62475881, 41.73537904], [-87.62478962, 41.73614271], [-87.62482856, 41.73949124], [-87.62497273, 41.74303762], [-87.62500379, 41.74460729], [-87.62518409, 41.75042018], [-87.62519665, 41.75129125], [-87.62521059, 41.75189545], [-87.62525582, 41.75264779], [-87.62531184, 41.75316903], [-87.62538056, 41.75388402], [-87.62550141, 41.75516632], [-87.62553864, 41.75604717], [-87.62558006, 41.75815482], [-87.62567791, 41.76290358], [-87.62569682, 41.76542351], [-87.62581509, 41.7683757], [-87.62585457, 41.77015679], [-87.62590355, 41.77187936], [-87.62592574, 41.77218895], [-87.62595937, 41.77253214], [-87.62596853, 41.77259409], [-87.62601272, 41.77287213], [-87.62603336, 41.7729651], [-87.62618108, 41.77344047], [-87.62619976, 41.77349661], [-87.62635546, 41.77383797], [-87.62642081, 41.77398205], [-87.62644983, 41.77402865], [-87.62652408, 41.77416836], [-87.62670496, 41.7744583], [-87.62683683, 41.77463963], [-87.62704545, 41.77491352], [-87.62712505, 41.77501422], [-87.62725643, 41.77515133], [-87.62750943, 41.77541666], [-87.62853207, 41.7762407], [-87.62882631, 41.77644972], [-87.62926197, 41.77677751], [-87.62954513, 41.77698739], [-87.62979586, 41.77723667], [-87.63004525, 41.777497], [-87.63028635, 41.77784017], [-87.63048961, 41.77815639], [-87.63065223, 41.77847605], [-87.63077259, 41.77874993], [-87.63082444, 41.77893116], [-87.63093779, 41.77942927], [-87.63097705, 41.77983006], [-87.63100619, 41.78054217], [-87.63105072, 41.78270768], [-87.63106579, 41.78336764], [-87.63112781, 41.78559009], [-87.63103692, 41.78722334], [-87.63100953, 41.78772964], [-87.63110491, 41.79168028], [-87.63115048, 41.79390951], [-87.63117491, 41.7954261], [-87.63124705, 41.79776157], [-87.63132784, 41.80084511], [-87.6313508, 41.80189742], [-87.63146761, 41.80306098], [-87.63162605, 41.80535535], [-87.63173864, 41.8069065], [-87.63179485, 41.80769015], [-87.63181247, 41.80805364], [-87.6317972, 41.80830674], [-87.63177742, 41.80853735], [-87.63174632, 41.80870823], [-87.63170145, 41.80896134], [-87.63168607, 41.80899999], [-87.63161948, 41.80919675], [-87.63160627, 41.80924746], [-87.63159195, 41.80929387], [-87.63157306, 41.80933766], [-87.63152208, 41.8094751], [-87.63134186, 41.8098554], [-87.63103154, 41.81034598], [-87.63056305, 41.81109387], [-87.63042054, 41.81139261], [-87.63038506, 41.81148021], [-87.6302777, 41.81182652], [-87.63022426, 41.8121462], [-87.63019925, 41.8124752], [-87.63019204, 41.81281868], [-87.63021665, 41.81351534], [-87.63025754, 41.81524784], [-87.63028486, 41.81647494], [-87.6303147, 41.8176945], [-87.63044186, 41.8226934], [-87.63050757, 41.82519784], [-87.63056472, 41.82749159], [-87.63064204, 41.83119841], [-87.63075213, 41.83495409], [-87.63081707, 41.83721954], [-87.63087273, 41.83953315], [-87.63093614, 41.84037359], [-87.63103737, 41.84184509], [-87.63114151, 41.84285945], [-87.63126228, 41.84459102], [-87.63128497, 41.84547944], [-87.63127751, 41.8458642], [-87.63120923, 41.84648031], [-87.631176, 41.84669734], [-87.63115509, 41.84686158], [-87.63109423, 41.84718281], [-87.63101765, 41.84748487], [-87.63085504, 41.84837004], [-87.63073052, 41.84897674], [-87.63069173, 41.84961016], [-87.6306945, 41.85108007], [-87.63074063, 41.85179905], [-87.63082648, 41.85243623], [-87.63085563, 41.85268415], [-87.63091169, 41.85294678], [-87.63097357, 41.85321365], [-87.63106742, 41.85352108], [-87.63116095, 41.85390093], [-87.63128301, 41.85454796], [-87.63136697, 41.85575976], [-87.63142443, 41.85746873], [-87.63144621, 41.85870035], [-87.63144351, 41.85894808], [-87.6314244, 41.85923859], [-87.63137026, 41.8595265], [-87.63130067, 41.85977144], [-87.63120929, 41.8599686], [-87.63112778, 41.86013723], [-87.63102009, 41.86028354], [-87.63095015, 41.86035292], [-87.63058735, 41.86093622], [-87.63018358, 41.86138924], [-87.629347, 41.86212258], [-87.62849626, 41.86269385], [-87.62804069, 41.86297215], [-87.62778683, 41.86316354], [-87.62768313, 41.86326204], [-87.62756137, 41.86338132], [-87.62739805, 41.86364067], [-87.62731475, 41.86404445], [-87.6273652, 41.86576184], [-87.62740813, 41.86737552], [-87.62745716, 41.8692225], [-87.6274748, 41.87077122], [-87.6274624, 41.87189859], [-87.62749291, 41.8730651], [-87.62748487, 41.8740471], [-87.6275174, 41.87472209], [-87.62754907, 41.87593278], [-87.62757157, 41.87688237], [-87.62760185, 41.87816061], [-87.62770221, 41.88075241], [-87.62775412, 41.88322256], [-87.62781913, 41.88481672], [-87.62784094, 41.88574827], [-87.6278366, 41.88596891], [-87.62794073, 41.88784034], [-87.62799508, 41.88965646], [-87.62800109, 41.89072257], [-87.62802701, 41.89167306], [-87.62804525, 41.89234206], [-87.62809392, 41.8941267], [-87.62813494, 41.89563081], [-87.6281821, 41.89667907], [-87.6282699, 41.89914434], [-87.6283031, 41.90026955], [-87.6283537, 41.90212819], [-87.62862588, 41.90317122], [-87.62864816, 41.90365025], [-87.62867225, 41.90376398], [-87.62870053, 41.90382636], [-87.62875064, 41.90387805], [-87.6288082, 41.90391085], [-87.62892006, 41.90394399], [-87.62908286, 41.9039531], [-87.63141805, 41.90392817], [-87.63447589, 41.90387616], [-87.6369863, 41.90383265], [-87.63896239, 41.90379837], [-87.63926276, 41.90379868], [-87.63951128, 41.90384152], [-87.63971786, 41.90392543], [-87.63993979, 41.90404864], [-87.64069186, 41.90458837], [-87.6455511, 41.90807489], [-87.64786012, 41.90971558], [-87.64918303, 41.91066244], [-87.65070378, 41.91175337], [-87.65141278, 41.91226345], [-87.65235859, 41.91294141], [-87.65243015, 41.91299535], [-87.65249158, 41.91308909], [-87.65249675, 41.9131697], [-87.65249957, 41.91327602], [-87.65250619, 41.91406733], [-87.65255411, 41.91563365], [-87.65261557, 41.91718721], [-87.65263065, 41.91764042], [-87.65264558, 41.91808958], [-87.65265007, 41.91822443], [-87.6527469, 41.92113642], [-87.65276564, 41.92172606], [-87.65282296, 41.92353018], [-87.6528716, 41.92505923], [-87.65288083, 41.92537635], [-87.65289711, 41.92599911], [-87.65292736, 41.92715665], [-87.6529412, 41.92768595], [-87.65296055, 41.92842599], [-87.65296799, 41.92871064], [-87.65299894, 41.92951536], [-87.65302948, 41.93030959], [-87.65305256, 41.9309096], [-87.65307613, 41.93152254], [-87.65310161, 41.93218483], [-87.65313662, 41.93273936], [-87.65314307, 41.93312462], [-87.65320224, 41.93445997], [-87.65322253, 41.93491807], [-87.65324069, 41.9353278], [-87.65327221, 41.93604047], [-87.6532809, 41.93627449], [-87.65331441, 41.93717744], [-87.65333158, 41.93764005], [-87.65336938, 41.93865814], [-87.65337365, 41.93893662], [-87.65338068, 41.93939549], [-87.65338625, 41.93975861], [-87.65338875, 41.93992164], [-87.65340284, 41.94084027], [-87.65342868, 41.94146471], [-87.6534477, 41.94186021], [-87.65345968, 41.94218468], [-87.65343025, 41.94238011], [-87.65340322, 41.94269004], [-87.6533833, 41.94288927], [-87.65336833, 41.94318156], [-87.65339376, 41.9435804], [-87.65340817, 41.94389945], [-87.65342414, 41.94407231], [-87.65342852, 41.94421852], [-87.65348046, 41.94435616], [-87.65352063, 41.94448486], [-87.6535406, 41.94539755], [-87.65362552, 41.9468998], [-87.6536317, 41.94743586], [-87.65364131, 41.94820673], [-87.6536514, 41.95060781], [-87.65366408, 41.95109075], [-87.65366625, 41.95200333], [-87.65363169, 41.95246384], [-87.65367735, 41.9531194], [-87.65369045, 41.95332815], [-87.65369848, 41.95343882], [-87.65373912, 41.95352323], [-87.65379182, 41.95358999], [-87.65385644, 41.95365239], [-87.65394484, 41.95371051], [-87.65408439, 41.9537419], [-87.65431225, 41.95376141], [-87.65493516, 41.95378281], [-87.6555762, 41.95377331], [-87.65606879, 41.95377178], [-87.65624079, 41.95378166], [-87.65635326, 41.9538089], [-87.65647114, 41.95388491], [-87.65657109, 41.95397409], [-87.65665337, 41.95404989], [-87.65672327, 41.95417434], [-87.6567456, 41.95430736], [-87.65674443, 41.95441811], [-87.65677479, 41.95491444], [-87.65684249, 41.95693046], [-87.65689585, 41.95861858], [-87.65700442, 41.96182205], [-87.65756924, 41.96397833], [-87.65759328, 41.96428056], [-87.6580271, 41.96582716], [-87.65819611, 41.96622633], [-87.65832475, 41.9665115], [-87.65836435, 41.96669789], [-87.65839005, 41.96688937], [-87.65842786, 41.96746683], [-87.65847134, 41.96838401], [-87.65849873, 41.96914681], [-87.65849398, 41.97118784], [-87.65853573, 41.97346119], [-87.6585937, 41.97523586], [-87.65867419, 41.97799186], [-87.65872216, 41.97967653], [-87.65875624, 41.98060069], [-87.65879782, 41.98185196], [-87.65884605, 41.9835121], [-87.65887936, 41.98450984], [-87.65898912, 41.98760942], [-87.65902018, 41.98881974], [-87.65908163, 41.99026737], [-87.65908655, 41.99083976], [-87.65913626, 41.9923609], [-87.65920805, 41.99367213], [-87.6591889, 41.99464248], [-87.65919495, 41.99549799], [-87.65921699, 41.9963306], [-87.65926296, 41.99723234], [-87.65927228, 41.99751756], [-87.65927345, 41.9979913], [-87.65931409, 41.9982307], [-87.65936055, 41.99850233], [-87.65943128, 41.9988109], [-87.65948474, 41.99900439], [-87.65956256, 41.99922562], [-87.65965276, 41.99944232], [-87.65978574, 41.99969606], [-87.6599008, 41.99989451], [-87.66005286, 42.00009317], [-87.66021735, 42.00028271], [-87.66035746, 42.0004445], [-87.66049767, 42.0005971], [-87.66067585, 42.00076371], [-87.66083355, 42.00090723], [-87.66106647, 42.00108123], [-87.66142601, 42.00137464], [-87.66166325, 42.00153284], [-87.66225499, 42.00187675], [-87.6628863, 42.00227308], [-87.66343646, 42.00262572], [-87.66346757, 42.00264578], [-87.66404806, 42.00308916], [-87.6644812, 42.00348793], [-87.66477402, 42.00382323], [-87.66500487, 42.00415573], [-87.66527697, 42.00467313], [-87.66553138, 42.00525755], [-87.66571824, 42.00586755], [-87.66577548, 42.00619233], [-87.66583738, 42.00687393], [-87.66591486, 42.00836969], [-87.66597704, 42.01059767], [-87.6660196, 42.01184076], [-87.66606134, 42.012276], [-87.66613201, 42.01260094], [-87.66630395, 42.0129817], [-87.66664051, 42.01355674], [-87.66689628, 42.01388965], [-87.66718909, 42.01422277], [-87.66769798, 42.01467084], [-87.66909789, 42.01588406], [-87.66988791, 42.01658467], [-87.67037088, 42.01698432], [-87.67079302, 42.01733363], [-87.67142664, 42.01785791], [-87.67178036, 42.0181506], [-87.67233005, 42.01860324], [-87.67289823, 42.0190711]]}}, {"type": "Feature", "properties": {"route_id": "Y", "route_long_name": "Yellow Line", "route_color": "#F9E300", "route_text_color": "#000000", "shape_id": "309000137"}, "geometry": {"type": "LineString", "coordinates": [[-87.67289823, 42.0190711], [-87.67336760925087, 42.01944868990614]]}}, {"type": "Feature", "properties": {"route_id": "Y", "route_long_name": "Yellow Line", "route_color": "#F9E300", "route_text_color": "#000000", "shape_id": "309000138"}, "geometry": {"type": "LineString", "coordinates": [[-87.67336760925087, 42.01944868990614], [-87.67289823, 42.0190711]]}}]}